,毕业去向,就业去向,就业状态,就业类型描述,单位注册地区,单位性质,薪酬范围
0,出国、出境,出国（境）,1,出国出境深造,俄罗斯,未就业,0
1,出国、出境,出国（境）,1,出国出境深造,英国,未就业,0
2,出国、出境,出国（境）,1,出国出境深造,澳大利亚,未就业,0
3,出国、出境,出国（境）,1,出国出境深造,荷兰,未就业,0
4,出国、出境,出国（境）,1,出国出境深造,英国,未就业,0
5,出国、出境,出国（境）,1,出国出境深造,英国,未就业,0
6,出国、出境,出国（境）,1,出国出境深造,澳大利亚,未就业,0
7,出国、出境,出国（境）,1,出国出境深造,俄罗斯,未就业,0
8,出国、出境,出国（境）,1,出国出境深造,俄罗斯,未就业,0
9,出国、出境,出国（境）,1,出国出境深造,白俄罗斯,未就业,0
10,出国、出境,出国（境）,1,出国出境深造,俄罗斯,未就业,0
11,出国、出境,出国（境）,1,出国出境深造,俄罗斯,未就业,0
12,出国、出境,出国（境）,1,出国出境深造,加拿大,未就业,0
13,出国、出境,出国（境）,1,出国出境深造,俄罗斯,未就业,0
14,出国、出境,出国（境）,1,出国出境深造,俄罗斯,未就业,0
15,出国、出境,出国（境）,1,出国出境深造,俄罗斯,未就业,0
16,出国、出境,出国（境）,1,出国出境深造,英国,未就业,0
17,出国、出境,出国（境）,1,出国出境深造,美国,未就业,0
18,升学,升学,1,升学,新疆石河子市,高等教育单位,0
19,升学,升学,1,升学,新疆伊犁哈萨克自治州,高等教育单位,0
20,签就业协议形式就业,国有企业就业,1,协议就业,新疆乌鲁木齐市天山区,国有企业,5000-5499
21,升学,升学,1,升学,宁夏银川市,高等教育单位,0
22,升学,升学,1,升学,青海省西宁市,高等教育单位,0
23,升学,升学,1,升学,甘肃省兰州市,高等教育单位,0
24,签劳动合同形式就业,单位就业,1,劳动合同就业,陕西省大荔县,其他企业,3000-3499
25,自主创业,自主创业,1,自主创业,陕西省咸阳市秦都区,未就业,0
26,其他录用形式就业,其他形式就业,1,其他录用形式就业,陕西省西安市鄠邑区,其他企业,3000-3499
27,其他录用形式就业,其他形式就业,1,其他录用形式就业,陕西省西安市临潼区,其他企业,2500-2999
28,签就业协议形式就业,非国有企业就业,1,协议就业,陕西省西安市雁塔区,其他企业,3000-3499
29,升学,升学,1,升学,陕西省西安市,高等教育单位,0
30,升学,升学,1,升学,陕西省西安市,高等教育单位,0
31,升学,升学,1,升学,贵州省贵阳市,高等教育单位,0
32,升学,升学,1,升学,四川省南充市,高等教育单位,0
33,签就业协议形式就业,非国有企业就业,1,协议就业,重庆市南岸区,其他企业,3000-3499
34,签就业协议形式就业,非国有企业就业,1,协议就业,重庆市江北区,其他企业,5000-5499
35,升学,升学,1,升学,重庆市,高等教育单位,0
36,自主创业,自主创业,1,自主创业,海南省海口市龙华区,未就业,0
37,升学,升学,1,升学,广西桂林市,高等教育单位,0
38,升学,升学,1,升学,广西桂林市,高等教育单位,0
39,其他录用形式就业,其他形式就业,1,其他录用形式就业,广东省东莞市,其他企业,4000-4499
40,升学,升学,1,升学,广东省广州市,高等教育单位,0
41,升学,升学,1,升学,湖北省武汉市,高等教育单位,0
42,升学,升学,1,升学,湖北省武汉市,高等教育单位,0
43,升学,升学,1,升学,湖北省武汉市,高等教育单位,0
44,升学,升学,1,升学,湖北省武汉市,高等教育单位,0
45,升学,升学,1,升学,湖北省武汉市,高等教育单位,0
46,签劳动合同形式就业,单位就业,1,劳动合同就业,河南省灵宝市,其他企业,3500-3999
47,升学,升学,1,升学,河南省新乡市,高等教育单位,0
48,升学,升学,1,升学,河南省新乡市,高等教育单位,0
49,自由职业,灵活就业等其他自主就业,1,自由职业,河南省安阳市北关区,未就业,0
50,签就业协议形式就业,非国有企业就业,1,协议就业,河南省巩义市,其他企业,2000-2499
51,签就业协议形式就业,非国有企业就业,1,协议就业,河南省郑州市管城回族区,其他企业,2500-2999
52,升学,升学,1,升学,河南省郑州市,高等教育单位,0
53,升学,升学,1,升学,河南省郑州市,高等教育单位,0
54,其他录用形式就业,其他形式就业,1,其他录用形式就业,山东省菏泽市高新技术开发区,其他企业,2500-2999
55,其他录用形式就业,其他形式就业,1,其他录用形式就业,山东省东明县,其他企业,3500-3999
56,签劳动合同形式就业,单位就业,1,劳动合同就业,山东省郓城县,其他企业,2000-2499
57,签就业协议形式就业,其他形式就业,1,协议就业,山东省成武县,未就业,5000-5499
58,签劳动合同形式就业,单位就业,1,劳动合同就业,山东省单县,其他企业,3000-3499
59,其他录用形式就业,其他形式就业,1,其他录用形式就业,山东省单县,其他企业,2500-2999
60,签劳动合同形式就业,单位就业,1,劳动合同就业,山东省曹县,其他企业,2000-2499
61,自主创业,自主创业,1,自主创业,山东省曹县,未就业,0
62,自主创业,自主创业,1,自主创业,山东省曹县,未就业,0
63,其他录用形式就业,其他形式就业,1,其他录用形式就业,山东省菏泽市牡丹区,其他企业,3000-3499
64,其他录用形式就业,其他形式就业,1,其他录用形式就业,山东省菏泽市牡丹区,其他企业,4000-4499
65,其他录用形式就业,其他形式就业,1,其他录用形式就业,山东省菏泽市牡丹区,其他企业,4000-4499
66,升学,升学,1,升学,山东省菏泽市,高等教育单位,0
67,签就业协议形式就业,非国有企业就业,1,协议就业,山东省滨州市高新技术产业开发区,其他企业,4000-4499
68,签就业协议形式就业,非国有企业就业,1,协议就业,山东省博兴县,其他企业,5500-5999
69,签就业协议形式就业,非国有企业就业,1,协议就业,山东省博兴县,其他企业,5000-5499
70,签就业协议形式就业,非国有企业就业,1,协议就业,山东省博兴县,其他企业,6000-6499
71,其他录用形式就业,其他形式就业,1,其他录用形式就业,山东省博兴县,中初教育单位,3000-3499
72,签劳动合同形式就业,单位就业,1,劳动合同就业,山东省滨州市滨城区,其他企业,3000-3499
73,签劳动合同形式就业,单位就业,1,劳动合同就业,山东省滨州市滨城区,其他企业,4500-4999
74,签就业协议形式就业,非国有企业就业,1,协议就业,山东省滨州市滨城区,其他企业,5000-5499
75,其他录用形式就业,其他形式就业,1,其他录用形式就业,山东省滨州市滨城区,其他企业,3500-3999
76,签劳动合同形式就业,单位就业,1,劳动合同就业,山东省聊城市高新技术开发区,其他企业,3000-3499
77,自主创业,自主创业,1,自主创业,山东省临清市,未就业,0
78,签劳动合同形式就业,单位就业,1,劳动合同就业,山东省阳谷县,其他企业,2000-2499
79,其他录用形式就业,其他形式就业,1,其他录用形式就业,山东省阳谷县,中初教育单位,2000-2499
80,签劳动合同形式就业,单位就业,1,劳动合同就业,山东省聊城市东昌府区,其他企业,4500-4999
81,升学,升学,1,升学,山东省聊城市,高等教育单位,0
82,升学,升学,1,升学,山东省聊城市,高等教育单位,0
83,升学,升学,1,升学,山东省聊城市,高等教育单位,0
84,签就业协议形式就业,国有企业就业,1,协议就业,山东省德州市经济技术开发区,其他企业,4500-4999
85,签劳动合同形式就业,单位就业,1,劳动合同就业,山东省禹城市,其他企业,4000-4499
86,其他录用形式就业,其他形式就业,1,其他录用形式就业,山东省武城县,其他企业,2500-2999
87,自由职业,灵活就业等其他自主就业,1,自由职业,山东省夏津县,未就业,0
88,签劳动合同形式就业,单位就业,1,劳动合同就业,山东省宁津县,国有企业,2000以下
89,自主创业,自主创业,1,自主创业,山东省宁津县,未就业,0
90,其他录用形式就业,其他形式就业,1,其他录用形式就业,山东省德州市陵城区,其他企业,3500-3999
91,签劳动合同形式就业,单位就业,1,劳动合同就业,山东省德州市德城区,其他企业,3000-3499
92,签就业协议形式就业,国有企业就业,1,协议就业,山东省德州市德城区,国有企业,5000-5499
93,升学,升学,1,升学,山东省德州市,高等教育单位,0
94,升学,升学,1,升学,山东省德州市,高等教育单位,0
95,升学,升学,1,升学,山东省德州市,高等教育单位,0
96,升学,升学,1,升学,山东省德州市,高等教育单位,0
97,升学,升学,1,升学,山东省德州市,高等教育单位,0
98,其他录用形式就业,其他形式就业,1,其他录用形式就业,山东省平邑县,其他企业,2500-2999
99,其他录用形式就业,其他形式就业,1,其他录用形式就业,山东省沂水县,其他企业,3500-3999
100,其他录用形式就业,其他形式就业,1,其他录用形式就业,山东省沂水县,其他企业,2000-2499
101,签劳动合同形式就业,单位就业,1,劳动合同就业,山东省临沂市兰山区,其他企业,4500-4999
102,签劳动合同形式就业,单位就业,1,劳动合同就业,山东省临沂市兰山区,其他企业,3000-3499
103,签劳动合同形式就业,单位就业,1,劳动合同就业,山东省临沂市兰山区,其他企业,5000-5499
104,签劳动合同形式就业,单位就业,1,劳动合同就业,山东省临沂市兰山区,其他企业,4000-4499
105,签劳动合同形式就业,单位就业,1,劳动合同就业,山东省临沂市兰山区,其他企业,5000-5499
106,签就业协议形式就业,国有企业就业,1,协议就业,山东省临沂市兰山区,国有企业,3000-3499
107,签就业协议形式就业,国有企业就业,1,协议就业,山东省临沂市兰山区,国有企业,3000-3499
108,签就业协议形式就业,国有企业就业,1,协议就业,山东省临沂市兰山区,国有企业,3000-3499
109,签就业协议形式就业,国有企业就业,1,协议就业,山东省临沂市兰山区,国有企业,4000-4499
110,签就业协议形式就业,国有企业就业,1,协议就业,山东省临沂市兰山区,国有企业,4000-4499
111,其他录用形式就业,其他形式就业,1,其他录用形式就业,山东省临沂市兰山区,其他企业,3500-3999
112,其他录用形式就业,其他形式就业,1,其他录用形式就业,山东省临沂市兰山区,其他企业,2000-2499
113,其他录用形式就业,其他形式就业,1,其他录用形式就业,山东省临沂市兰山区,其他企业,3000-3499
114,其他录用形式就业,其他形式就业,1,其他录用形式就业,山东省临沂市兰山区,其他企业,3000-3499
115,其他录用形式就业,其他形式就业,1,其他录用形式就业,山东省临沂市兰山区,其他企业,3000-3499
116,其他录用形式就业,其他形式就业,1,其他录用形式就业,山东省临沂市兰山区,其他企业,2500-2999
117,其他录用形式就业,其他形式就业,1,其他录用形式就业,山东省临沂市兰山区,其他企业,3500-3999
118,升学,升学,1,升学,山东省临沂市,高等教育单位,0
119,其他录用形式就业,其他形式就业,1,其他录用形式就业,山东省莒县,其他企业,2500-2999
120,签劳动合同形式就业,单位就业,1,劳动合同就业,山东省日照市东港区,其他企业,4000-4499
121,签就业协议形式就业,国有企业就业,1,协议就业,山东省日照市东港区,国有企业,7000-7499
122,签就业协议形式就业,国有企业就业,1,协议就业,山东省日照市东港区,其他企业,4000-4499
123,签就业协议形式就业,国有企业就业,1,协议就业,山东省日照市,国有企业,7000-7499
124,升学,升学,1,升学,山东省日照市,高等教育单位,0
125,升学,升学,1,升学,山东省日照市,高等教育单位,0
126,升学,升学,1,升学,山东省日照市,高等教育单位,0
127,升学,升学,1,升学,山东省日照市,高等教育单位,0
128,升学,升学,1,升学,山东省日照市,高等教育单位,0
129,升学,升学,1,升学,山东省日照市,高等教育单位,0
130,升学,升学,1,升学,山东省日照市,高等教育单位,0
131,升学,升学,1,升学,山东省日照市,高等教育单位,0
132,升学,升学,1,升学,山东省日照市,高等教育单位,0
133,升学,升学,1,升学,山东省日照市,高等教育单位,0
134,升学,升学,1,升学,山东省日照市,高等教育单位,0
135,升学,升学,1,升学,山东省日照市,高等教育单位,0
136,升学,升学,1,升学,山东省日照市,高等教育单位,0
137,升学,升学,1,升学,山东省日照市,高等教育单位,0
138,升学,升学,1,升学,山东省日照市,高等教育单位,0
139,升学,升学,1,升学,山东省日照市,高等教育单位,0
140,升学,升学,1,升学,山东省日照市,高等教育单位,0
141,升学,升学,1,升学,山东省日照市,高等教育单位,0
142,升学,升学,1,升学,山东省日照市,高等教育单位,0
143,升学,升学,1,升学,山东省日照市,高等教育单位,0
144,升学,升学,1,升学,山东省日照市,高等教育单位,0
145,升学,升学,1,升学,山东省日照市,高等教育单位,0
146,升学,升学,1,升学,山东省日照市,高等教育单位,0
147,升学,升学,1,升学,山东省日照市,高等教育单位,0
148,升学,升学,1,升学,山东省日照市,高等教育单位,0
149,签就业协议形式就业,非国有企业就业,1,协议就业,山东省威海市高技术产业开发区,其他企业,2500-2999
150,签就业协议形式就业,非国有企业就业,1,协议就业,山东省威海市环翠区,其他企业,4500-4999
151,其他录用形式就业,其他形式就业,1,其他录用形式就业,山东省威海市环翠区,其他企业,3000-3499
152,签就业协议形式就业,国有企业就业,1,协议就业,山东省威海市,国有企业,4500-4999
153,升学,升学,1,升学,山东省威海市,高等教育单位,0
154,升学,升学,1,升学,山东省威海市,高等教育单位,0
155,升学,升学,1,升学,山东省威海市,高等教育单位,0
156,升学,升学,1,升学,山东省威海市,高等教育单位,0
157,升学,升学,1,升学,山东省威海市,高等教育单位,0
158,升学,升学,1,升学,山东省威海市,高等教育单位,0
159,升学,升学,1,升学,山东省威海市,高等教育单位,0
160,升学,升学,1,升学,山东省威海市,高等教育单位,0
161,升学,升学,1,升学,山东省威海市,高等教育单位,0
162,升学,升学,1,升学,山东省威海市,高等教育单位,0
163,升学,升学,1,升学,山东省威海市,高等教育单位,0
164,其他录用形式就业,其他形式就业,1,其他录用形式就业,山东省肥城市,其他企业,2500-2999
165,签劳动合同形式就业,单位就业,1,劳动合同就业,山东省新泰市,其他企业,3500-3999
166,签就业协议形式就业,其他形式就业,1,协议就业,山东省新泰市,未就业,4000-4499
167,签就业协议形式就业,非国有企业就业,1,协议就业,山东省东平县,其他企业,4000-4499
168,签就业协议形式就业,非国有企业就业,1,协议就业,山东省东平县,其他企业,4000-4499
169,其他录用形式就业,其他形式就业,1,其他录用形式就业,山东省东平县,其他企业,2000-2499
170,签就业协议形式就业,非国有企业就业,1,协议就业,山东省宁阳县,其他企业,4500-4999
171,签就业协议形式就业,国有企业就业,1,协议就业,山东省泰安市岱岳区,国有企业,5000-5499
172,签就业协议形式就业,国有企业就业,1,协议就业,山东省泰安市岱岳区,国有企业,6000-6499
173,签就业协议形式就业,国有企业就业,1,协议就业,山东省泰安市岱岳区,国有企业,5500-5999
174,其他录用形式就业,其他形式就业,1,其他录用形式就业,山东省泰安市岱岳区,其他企业,3000-3499
175,其他录用形式就业,其他形式就业,1,其他录用形式就业,山东省泰安市岱岳区,其他企业,3000-3499
176,自主创业,自主创业,1,自主创业,山东省泰安市岱岳区,未就业,0
177,自主创业,自主创业,1,自主创业,山东省泰安市岱岳区,未就业,0
178,签就业协议形式就业,非国有企业就业,1,协议就业,山东省泰安市高新区,其他企业,4500-4999
179,签劳动合同形式就业,单位就业,1,劳动合同就业,山东省泰安市泰山区,其他企业,3500-3999
180,签劳动合同形式就业,单位就业,1,劳动合同就业,山东省泰安市泰山区,其他企业,3500-3999
181,签劳动合同形式就业,单位就业,1,劳动合同就业,山东省泰安市泰山区,其他企业,2500-2999
182,签就业协议形式就业,非国有企业就业,1,协议就业,山东省泰安市泰山区,其他企业,3500-3999
183,签就业协议形式就业,国有企业就业,1,协议就业,山东省泰安市泰山区,国有企业,6000-6499
184,签就业协议形式就业,国有企业就业,1,协议就业,山东省泰安市泰山区,国有企业,4000-4499
185,签就业协议形式就业,国有企业就业,1,协议就业,山东省泰安市泰山区,国有企业,4500-4999
186,升学,升学,1,升学,山东省泰安市,高等教育单位,0
187,升学,升学,1,升学,山东省泰安市,高等教育单位,0
188,升学,升学,1,升学,山东省泰安市,高等教育单位,0
189,升学,升学,1,升学,山东省泰安市,高等教育单位,0
190,升学,升学,1,升学,山东省泰安市,高等教育单位,0
191,升学,升学,1,升学,山东省泰安市,高等教育单位,0
192,升学,升学,1,升学,山东省泰安市,高等教育单位,0
193,升学,升学,1,升学,山东省泰安市,高等教育单位,0
194,升学,升学,1,升学,山东省泰安市,高等教育单位,0
195,升学,升学,1,升学,山东省泰安市,高等教育单位,0
196,升学,升学,1,升学,山东省泰安市,高等教育单位,0
197,升学,升学,1,升学,山东省泰安市,高等教育单位,0
198,升学,升学,1,升学,山东省泰安市,高等教育单位,0
199,升学,升学,1,升学,山东省泰安市,高等教育单位,0
200,升学,升学,1,升学,山东省泰安市,高等教育单位,0
201,升学,升学,1,升学,山东省泰安市,高等教育单位,0
202,升学,升学,1,升学,山东省泰安市,高等教育单位,0
203,升学,升学,1,升学,山东省泰安市,高等教育单位,0
204,升学,升学,1,升学,山东省泰安市,高等教育单位,0
205,升学,升学,1,升学,山东省泰安市,高等教育单位,0
206,升学,升学,1,升学,山东省泰安市,高等教育单位,0
207,升学,升学,1,升学,山东省泰安市,高等教育单位,0
208,升学,升学,1,升学,山东省泰安市,高等教育单位,0
209,升学,升学,1,升学,山东省泰安市,高等教育单位,0
210,升学,升学,1,升学,山东省泰安市,高等教育单位,0
211,升学,升学,1,升学,山东省泰安市,高等教育单位,0
212,升学,升学,1,升学,山东省泰安市,高等教育单位,0
213,升学,升学,1,升学,山东省泰安市,高等教育单位,0
214,升学,升学,1,升学,山东省泰安市,高等教育单位,0
215,升学,升学,1,升学,山东省泰安市,高等教育单位,0
216,升学,升学,1,升学,山东省泰安市,高等教育单位,0
217,升学,升学,1,升学,山东省泰安市,高等教育单位,0
218,升学,升学,1,升学,山东省泰安市,高等教育单位,0
219,升学,升学,1,升学,山东省泰安市,高等教育单位,0
220,升学,升学,1,升学,山东省泰安市,高等教育单位,0
221,升学,升学,1,升学,山东省泰安市,高等教育单位,0
222,升学,升学,1,升学,山东省泰安市,高等教育单位,0
223,升学,升学,1,升学,山东省泰安市,高等教育单位,0
224,升学,升学,1,升学,山东省泰安市,高等教育单位,0
225,升学,升学,1,升学,山东省泰安市,高等教育单位,0
226,升学,升学,1,升学,山东省泰安市,高等教育单位,0
227,升学,升学,1,升学,山东省泰安市,高等教育单位,0
228,升学,升学,1,升学,山东省泰安市,高等教育单位,0
229,升学,升学,1,升学,山东省泰安市,高等教育单位,0
230,升学,升学,1,升学,山东省泰安市,高等教育单位,0
231,升学,升学,1,升学,山东省泰安市,高等教育单位,0
232,升学,升学,1,升学,山东省泰安市,高等教育单位,0
233,升学,升学,1,升学,山东省泰安市,高等教育单位,0
234,升学,升学,1,升学,山东省泰安市,高等教育单位,0
235,升学,升学,1,升学,山东省泰安市,高等教育单位,0
236,签就业协议形式就业,非国有企业就业,1,协议就业,山东省济宁市高新技术产业开发区,其他企业,4000-4499
237,签就业协议形式就业,国有企业就业,1,协议就业,山东省邹城市,其他企业,6500-6999
238,签就业协议形式就业,国有企业就业,1,协议就业,山东省邹城市,其他企业,6500-6999
239,其他录用形式就业,其他形式就业,1,其他录用形式就业,山东省邹城市,其他企业,3500-3999
240,其他录用形式就业,其他形式就业,1,其他录用形式就业,山东省泗水县,其他企业,3000-3499
241,其他录用形式就业,其他形式就业,1,其他录用形式就业,山东省汶上县,其他企业,2500-2999
242,签劳动合同形式就业,单位就业,1,劳动合同就业,山东省嘉祥县,其他企业,2500-2999
243,其他录用形式就业,其他形式就业,1,其他录用形式就业,山东省嘉祥县,其他企业,3000-3499
244,自主创业,自主创业,1,自主创业,山东省金乡县,未就业,0
245,签就业协议形式就业,非国有企业就业,1,协议就业,山东省济宁市兖州区,其他企业,5500-5999
246,签就业协议形式就业,非国有企业就业,1,协议就业,山东省济宁市兖州区,其他企业,5000-5499
247,签劳动合同形式就业,单位就业,1,劳动合同就业,山东省济宁市任城区,其他企业,3000-3499
248,签就业协议形式就业,国有企业就业,1,协议就业,山东省济宁市任城区,国有企业,4000-4499
249,签就业协议形式就业,国有企业就业,1,协议就业,山东省济宁市任城区,国有企业,4000-4499
250,升学,升学,1,升学,山东省济宁市,高等教育单位,0
251,升学,升学,1,升学,山东省济宁市,高等教育单位,0
252,升学,升学,1,升学,山东省济宁市,高等教育单位,0
253,升学,升学,1,升学,山东省济宁市,高等教育单位,0
254,升学,升学,1,升学,山东省济宁市,高等教育单位,0
255,升学,升学,1,升学,山东省济宁市,高等教育单位,0
256,升学,升学,1,升学,山东省济宁市,高等教育单位,0
257,升学,升学,1,升学,山东省济宁市,高等教育单位,0
258,升学,升学,1,升学,山东省济宁市,高等教育单位,0
259,升学,升学,1,升学,山东省济宁市,高等教育单位,0
260,签劳动合同形式就业,单位就业,1,劳动合同就业,山东省潍坊市高新区,其他企业,3500-3999
261,签劳动合同形式就业,单位就业,1,劳动合同就业,山东省潍坊市高新区,其他事业单位,2000以下
262,签就业协议形式就业,国有企业就业,1,协议就业,山东省昌邑市,国有企业,6500-6999
263,其他录用形式就业,其他形式就业,1,其他录用形式就业,山东省昌邑市,其他企业,3500-3999
264,签就业协议形式就业,非国有企业就业,1,协议就业,山东省高密市,其他企业,4500-4999
265,其他录用形式就业,其他形式就业,1,其他录用形式就业,山东省高密市,其他事业单位,2500-2999
266,签劳动合同形式就业,单位就业,1,劳动合同就业,山东省安丘市,其他事业单位,3000-3499
267,其他录用形式就业,其他形式就业,1,其他录用形式就业,山东省诸城市,其他企业,3500-3999
268,签就业协议形式就业,非国有企业就业,1,协议就业,山东省青州市,其他企业,4500-4999
269,签就业协议形式就业,非国有企业就业,1,协议就业,山东省青州市,其他企业,4000-4499
270,其他录用形式就业,其他形式就业,1,其他录用形式就业,山东省昌乐县,其他企业,3000-3499
271,其他录用形式就业,其他形式就业,1,其他录用形式就业,山东省临朐县,其他企业,3000-3499
272,签就业协议形式就业,国有企业就业,1,协议就业,山东省潍坊市奎文区,国有企业,4000-4499
273,签就业协议形式就业,国有企业就业,1,协议就业,山东省潍坊市奎文区,国有企业,4000-4499
274,其他录用形式就业,其他形式就业,1,其他录用形式就业,山东省潍坊市奎文区,其他企业,2500-2999
275,签劳动合同形式就业,单位就业,1,劳动合同就业,山东省潍坊市坊子区,其他企业,4000-4499
276,签劳动合同形式就业,单位就业,1,劳动合同就业,山东省潍坊市潍城区,其他企业,3000-3499
277,其他录用形式就业,其他形式就业,1,其他录用形式就业,山东省潍坊市潍城区,其他企业,2000-2499
278,升学,升学,1,升学,山东省潍坊市,高等教育单位,0
279,升学,升学,1,升学,山东省潍坊市,高等教育单位,0
280,升学,升学,1,升学,山东省潍坊市,高等教育单位,0
281,升学,升学,1,升学,山东省潍坊市,高等教育单位,0
282,升学,升学,1,升学,山东省潍坊市,高等教育单位,0
283,签就业协议形式就业,国有企业就业,1,协议就业,山东省莱州市,国有企业,7000-7499
284,其他录用形式就业,其他形式就业,1,其他录用形式就业,山东省莱阳市,其他企业,2000-2499
285,其他录用形式就业,其他形式就业,1,其他录用形式就业,山东省莱阳市,其他企业,3000-3499
286,签就业协议形式就业,非国有企业就业,1,协议就业,山东省龙口市,其他企业,4500-4999
287,签就业协议形式就业,非国有企业就业,1,协议就业,山东省龙口市,其他企业,4000-4499
288,签就业协议形式就业,非国有企业就业,1,协议就业,山东省龙口市,其他企业,4000-4499
289,签就业协议形式就业,非国有企业就业,1,协议就业,山东省烟台市蓬莱区,其他企业,4500-4999
290,签就业协议形式就业,国有企业就业,1,协议就业,山东省烟台市莱山区,国有企业,2500-2999
291,其他录用形式就业,其他形式就业,1,其他录用形式就业,山东省烟台市莱山区,其他企业,3000-3499
292,签就业协议形式就业,国有企业就业,1,协议就业,山东省烟台市芝罘区,国有企业,4000-4499
293,升学,升学,1,升学,山东省烟台市,高等教育单位,0
294,升学,升学,1,升学,山东省烟台市,高等教育单位,0
295,升学,升学,1,升学,山东省烟台市,高等教育单位,0
296,升学,升学,1,升学,山东省烟台市,高等教育单位,0
297,升学,升学,1,升学,山东省烟台市,高等教育单位,0
298,升学,升学,1,升学,山东省烟台市,高等教育单位,0
299,升学,升学,1,升学,山东省烟台市,高等教育单位,0
300,升学,升学,1,升学,山东省烟台市,高等教育单位,0
301,升学,升学,1,升学,山东省烟台市,高等教育单位,0
302,升学,升学,1,升学,山东省烟台市,高等教育单位,0
303,升学,升学,1,升学,山东省烟台市,高等教育单位,0
304,升学,升学,1,升学,山东省烟台市,高等教育单位,0
305,升学,升学,1,升学,山东省烟台市,高等教育单位,0
306,升学,升学,1,升学,山东省烟台市,高等教育单位,0
307,升学,升学,1,升学,山东省烟台市,高等教育单位,0
308,升学,升学,1,升学,山东省烟台市,高等教育单位,0
309,升学,升学,1,升学,山东省烟台市,高等教育单位,0
310,升学,升学,1,升学,山东省烟台市,高等教育单位,0
311,升学,升学,1,升学,山东省烟台市,高等教育单位,0
312,升学,升学,1,升学,山东省烟台市,高等教育单位,0
313,升学,升学,1,升学,山东省烟台市,高等教育单位,0
314,升学,升学,1,升学,山东省烟台市,高等教育单位,0
315,升学,升学,1,升学,山东省烟台市,高等教育单位,0
316,升学,升学,1,升学,山东省烟台市,高等教育单位,0
317,升学,升学,1,升学,山东省烟台市,高等教育单位,0
318,升学,升学,1,升学,山东省烟台市,高等教育单位,0
319,升学,升学,1,升学,山东省烟台市,高等教育单位,0
320,升学,升学,1,升学,山东省烟台市,高等教育单位,0
321,升学,升学,1,升学,山东省烟台市,高等教育单位,0
322,升学,升学,1,升学,山东省烟台市,高等教育单位,0
323,升学,升学,1,升学,山东省烟台市,高等教育单位,0
324,升学,升学,1,升学,山东省烟台市,高等教育单位,0
325,升学,升学,1,升学,山东省烟台市,高等教育单位,0
326,升学,升学,1,升学,山东省烟台市,高等教育单位,0
327,升学,升学,1,升学,山东省烟台市,高等教育单位,0
328,升学,升学,1,升学,山东省烟台市,高等教育单位,0
329,升学,升学,1,升学,山东省烟台市,高等教育单位,0
330,签就业协议形式就业,非国有企业就业,1,协议就业,山东省东营市经济技术开发区,其他企业,6000-6499
331,签劳动合同形式就业,单位就业,1,劳动合同就业,山东省广饶县,其他企业,2000-2499
332,签就业协议形式就业,非国有企业就业,1,协议就业,山东省利津县,其他企业,4500-4999
333,其他录用形式就业,其他形式就业,1,其他录用形式就业,山东省东营市垦利区,其他企业,3000-3499
334,签就业协议形式就业,国有企业就业,1,协议就业,山东省东营市东营区,国有企业,8000-8499
335,签就业协议形式就业,国有企业就业,1,协议就业,山东省东营市东营区,国有企业,5000-5499
336,签就业协议形式就业,国有企业就业,1,协议就业,山东省东营市东营区,国有企业,4000-4499
337,其他录用形式就业,其他形式就业,1,其他录用形式就业,山东省东营市东营区,其他企业,2000-2499
338,其他录用形式就业,其他形式就业,1,其他录用形式就业,山东省滕州市,其他企业,3500-3999
339,签就业协议形式就业,国有企业就业,1,协议就业,山东省枣庄市市中区,国有企业,4000-4499
340,升学,升学,1,升学,山东省枣庄市,高等教育单位,0
341,升学,升学,1,升学,山东省枣庄市,高等教育单位,0
342,签就业协议形式就业,非国有企业就业,1,协议就业,山东省淄博市高新区,其他企业,4000-4499
343,签就业协议形式就业,其他形式就业,1,协议就业,山东省沂源县,未就业,7000-7499
344,自由职业,灵活就业等其他自主就业,1,自由职业,山东省高青县,未就业,0
345,签就业协议形式就业,非国有企业就业,1,协议就业,山东省淄博市临淄区,其他企业,4000-4499
346,其他录用形式就业,其他形式就业,1,其他录用形式就业,山东省淄博市临淄区,其他企业,2500-2999
347,其他录用形式就业,其他形式就业,1,其他录用形式就业,山东省淄博市博山区,中初教育单位,3500-3999
348,签劳动合同形式就业,单位就业,1,劳动合同就业,山东省淄博市张店区,其他企业,3000-3499
349,签就业协议形式就业,国有企业就业,1,协议就业,山东省淄博市张店区,国有企业,5000-5499
350,签就业协议形式就业,国有企业就业,1,协议就业,山东省淄博市张店区,国有企业,4000-4499
351,其他录用形式就业,其他形式就业,1,其他录用形式就业,山东省淄博市张店区,其他企业,6500-6999
352,签就业协议形式就业,其他形式就业,1,协议就业,山东省淄博市张店区,未就业,4500-4999
353,签就业协议形式就业,非国有企业就业,1,协议就业,山东省淄博市淄川区,其他企业,5000-5499
354,其他录用形式就业,其他形式就业,1,其他录用形式就业,山东省淄博市淄川区,其他企业,3000-3499
355,升学,升学,1,升学,山东省淄博市,高等教育单位,0
356,升学,升学,1,升学,山东省淄博市,高等教育单位,0
357,签就业协议形式就业,国有企业就业,1,协议就业,山东省青岛市保税港区,国有企业,6500-6999
358,签就业协议形式就业,国有企业就业,1,协议就业,山东省平度市,国有企业,4000-4499
359,签劳动合同形式就业,单位就业,1,劳动合同就业,山东省胶州市,其他企业,3500-3999
360,签劳动合同形式就业,单位就业,1,劳动合同就业,山东省胶州市,其他企业,6500-6999
361,其他录用形式就业,其他形式就业,1,其他录用形式就业,山东省胶州市,其他企业,2000-2499
362,签劳动合同形式就业,单位就业,1,劳动合同就业,山东省青岛市李沧区,其他企业,4000-4499
363,签就业协议形式就业,非国有企业就业,1,协议就业,山东省青岛市李沧区,其他企业,3500-3999
364,签就业协议形式就业,非国有企业就业,1,协议就业,山东省青岛市崂山区,其他企业,4000-4499
365,签就业协议形式就业,非国有企业就业,1,协议就业,山东省青岛市崂山区,其他企业,4000-4499
366,签就业协议形式就业,非国有企业就业,1,协议就业,山东省青岛市崂山区,其他企业,4000-4499
367,签就业协议形式就业,非国有企业就业,1,协议就业,山东省青岛市崂山区,其他企业,4000-4499
368,签就业协议形式就业,国有企业就业,1,协议就业,山东省青岛市崂山区,国有企业,10000及以上
369,签劳动合同形式就业,单位就业,1,劳动合同就业,山东省青岛市西海岸新区,其他企业,4000-4499
370,签劳动合同形式就业,单位就业,1,劳动合同就业,山东省青岛市西海岸新区,其他企业,4000-4499
371,其他录用形式就业,其他形式就业,1,其他录用形式就业,山东省青岛市西海岸新区,其他企业,4000-4499
372,其他录用形式就业,其他形式就业,1,其他录用形式就业,山东省青岛市西海岸新区,三资企业,4000-4499
373,签就业协议形式就业,其他形式就业,1,协议就业,山东省青岛市西海岸新区,未就业,5500-5999
374,其他录用形式就业,其他形式就业,1,其他录用形式就业,山东省青岛市西海岸新区,其他企业,3500-3999
375,签劳动合同形式就业,单位就业,1,劳动合同就业,山东省青岛市市北区,其他企业,5000-5499
376,其他录用形式就业,其他形式就业,1,其他录用形式就业,山东省青岛市市北区,其他企业,3500-3999
377,其他录用形式就业,其他形式就业,1,其他录用形式就业,山东省青岛市市北区,其他企业,2500-2999
378,其他录用形式就业,其他形式就业,1,其他录用形式就业,山东省青岛市市北区,其他企业,3000-3499
379,其他录用形式就业,其他形式就业,1,其他录用形式就业,山东省青岛市市北区,其他企业,3500-3999
380,签劳动合同形式就业,单位就业,1,劳动合同就业,山东省青岛市市南区,其他企业,3000-3499
381,签劳动合同形式就业,单位就业,1,劳动合同就业,山东省青岛市市南区,其他企业,4000-4499
382,签就业协议形式就业,国有企业就业,1,协议就业,山东省青岛市市南区,国有企业,6000-6499
383,签就业协议形式就业,国有企业就业,1,协议就业,山东省青岛市市南区,国有企业,6500-6999
384,签就业协议形式就业,国有企业就业,1,协议就业,山东省青岛市市南区,国有企业,6000-6499
385,其他录用形式就业,其他形式就业,1,其他录用形式就业,山东省青岛市市南区,其他企业,3000-3499
386,其他录用形式就业,其他形式就业,1,其他录用形式就业,山东省青岛市市南区,其他企业,3500-3999
387,签就业协议形式就业,非国有企业就业,1,协议就业,山东省青岛市,其他企业,4000-4499
388,升学,升学,1,升学,山东省青岛市,高等教育单位,0
389,升学,升学,1,升学,山东省青岛市,高等教育单位,0
390,升学,升学,1,升学,山东省青岛市,高等教育单位,0
391,升学,升学,1,升学,山东省青岛市,高等教育单位,0
392,升学,升学,1,升学,山东省青岛市,高等教育单位,0
393,升学,升学,1,升学,山东省青岛市,高等教育单位,0
394,升学,升学,1,升学,山东省青岛市,高等教育单位,0
395,升学,升学,1,升学,山东省青岛市,高等教育单位,0
396,升学,升学,1,升学,山东省青岛市,高等教育单位,0
397,升学,升学,1,升学,山东省青岛市,高等教育单位,0
398,升学,升学,1,升学,山东省青岛市,高等教育单位,0
399,升学,升学,1,升学,山东省青岛市,高等教育单位,0
400,升学,升学,1,升学,山东省青岛市,高等教育单位,0
401,升学,升学,1,升学,山东省青岛市,高等教育单位,0
402,升学,升学,1,升学,山东省青岛市,高等教育单位,0
403,升学,升学,1,升学,山东省青岛市,高等教育单位,0
404,升学,升学,1,升学,山东省青岛市,高等教育单位,0
405,升学,升学,1,升学,山东省青岛市,高等教育单位,0
406,升学,升学,1,升学,山东省青岛市,高等教育单位,0
407,升学,升学,1,升学,山东省青岛市,高等教育单位,0
408,升学,升学,1,升学,山东省青岛市,高等教育单位,0
409,升学,升学,1,升学,山东省青岛市,高等教育单位,0
410,升学,升学,1,升学,山东省青岛市,高等教育单位,0
411,升学,升学,1,升学,山东省青岛市,高等教育单位,0
412,升学,升学,1,升学,山东省青岛市,高等教育单位,0
413,升学,升学,1,升学,山东省青岛市,高等教育单位,0
414,升学,升学,1,升学,山东省青岛市,高等教育单位,0
415,升学,升学,1,升学,山东省青岛市,高等教育单位,0
416,升学,升学,1,升学,山东省青岛市,高等教育单位,0
417,升学,升学,1,升学,山东省青岛市,高等教育单位,0
418,升学,升学,1,升学,山东省青岛市,高等教育单位,0
419,签就业协议形式就业,非国有企业就业,1,协议就业,山东省济南高新技术产业开发区,其他企业,6000-6499
420,签就业协议形式就业,非国有企业就业,1,协议就业,山东省济南市高新技术产业开发区,其他企业,6000-6499
421,签就业协议形式就业,非国有企业就业,1,协议就业,山东省济南市高新技术产业开发区,其他企业,4000-4499
422,签就业协议形式就业,非国有企业就业,1,协议就业,山东省济南市高新技术产业开发区,其他企业,3000-3499
423,签就业协议形式就业,非国有企业就业,1,协议就业,山东省济南市高新技术产业开发区,其他企业,6000-6499
424,签就业协议形式就业,非国有企业就业,1,协议就业,山东省济南市高新技术产业开发区,其他企业,4000-4499
425,签就业协议形式就业,国有企业就业,1,协议就业,山东省济南市高新技术产业开发区,国有企业,4000-4499
426,签就业协议形式就业,国有企业就业,1,协议就业,山东省济南市高新技术产业开发区,国有企业,4000-4499
427,签就业协议形式就业,国有企业就业,1,协议就业,山东省济南市高新技术产业开发区,国有企业,4000-4499
428,签就业协议形式就业,国有企业就业,1,协议就业,山东省济南市高新技术产业开发区,国有企业,4000-4499
429,签就业协议形式就业,国有企业就业,1,协议就业,山东省济南市高新技术产业开发区,国有企业,4000-4499
430,签就业协议形式就业,国有企业就业,1,协议就业,山东省济南市高新技术产业开发区,其他企业,5000-5499
431,自由职业,灵活就业等其他自主就业,1,自由职业,山东省济南市高新技术产业开发区,未就业,0
432,签就业协议形式就业,其他形式就业,1,协议就业,山东省济南市高新技术产业开发区,未就业,4500-4999
433,签就业协议形式就业,国有企业就业,1,协议就业,山东省济南市济南新旧动能转换起步区,国有企业,7000-7499
434,签就业协议形式就业,国有企业就业,1,协议就业,山东省济南市济南新旧动能转换起步区,国有企业,7000-7499
435,签就业协议形式就业,国有企业就业,1,协议就业,山东省济南市济南新旧动能转换起步区,国有企业,7000-7499
436,签就业协议形式就业,非国有企业就业,1,协议就业,山东省商河县,其他企业,4000-4499
437,签就业协议形式就业,非国有企业就业,1,协议就业,山东省平阴县,其他企业,5000-5499
438,其他录用形式就业,其他形式就业,1,其他录用形式就业,山东省济南市莱芜区,其他企业,3000-3499
439,其他录用形式就业,其他形式就业,1,其他录用形式就业,山东省济南市莱芜区,其他企业,2000-2499
440,签劳动合同形式就业,单位就业,1,劳动合同就业,山东省济南市济阳区,其他企业,4500-4999
441,签劳动合同形式就业,单位就业,1,劳动合同就业,山东省济南市长清区,其他企业,4500-4999
442,签劳动合同形式就业,单位就业,1,劳动合同就业,山东省济南市长清区,其他企业,4500-4999
443,自主创业,自主创业,1,自主创业,山东省济南市长清区,未就业,0
444,自主创业,自主创业,1,自主创业,山东省济南市长清区,未就业,0
445,签劳动合同形式就业,单位就业,1,劳动合同就业,山东省济南市历城区,医疗卫生单位,3000-3499
446,签就业协议形式就业,国有企业就业,1,协议就业,山东省济南市历城区,国有企业,7000-7499
447,自由职业,灵活就业等其他自主就业,1,自由职业,山东省济南市历城区,未就业,0
448,其他录用形式就业,其他形式就业,1,其他录用形式就业,山东省济南市历城区,其他企业,3000-3499
449,其他录用形式就业,其他形式就业,1,其他录用形式就业,山东省济南市历城区,其他企业,3000-3499
450,其他录用形式就业,其他形式就业,1,其他录用形式就业,山东省济南市历城区,其他企业,3000-3499
451,签就业协议形式就业,非国有企业就业,1,协议就业,山东省济南市天桥区,其他企业,3000-3499
452,其他录用形式就业,其他形式就业,1,其他录用形式就业,山东省济南市天桥区,其他企业,3500-3999
453,其他录用形式就业,其他形式就业,1,其他录用形式就业,山东省济南市天桥区,其他企业,3000-3499
454,签劳动合同形式就业,单位就业,1,劳动合同就业,山东省济南市槐荫区,其他企业,3500-3999
455,其他录用形式就业,其他形式就业,1,其他录用形式就业,山东省济南市槐荫区,其他企业,2500-2999
456,其他录用形式就业,其他形式就业,1,其他录用形式就业,山东省济南市槐荫区,其他企业,3000-3499
457,签劳动合同形式就业,单位就业,1,劳动合同就业,山东省济南市市中区,其他企业,3500-3999
458,签劳动合同形式就业,单位就业,1,劳动合同就业,山东省济南市市中区,其他企业,4500-4999
459,签劳动合同形式就业,单位就业,1,劳动合同就业,山东省济南市市中区,其他企业,3000-3499
460,签就业协议形式就业,非国有企业就业,1,协议就业,山东省济南市市中区,其他企业,4000-4499
461,其他录用形式就业,其他形式就业,1,其他录用形式就业,山东省济南市市中区,其他企业,2500-2999
462,签劳动合同形式就业,单位就业,1,劳动合同就业,山东省济南市历下区,其他企业,3000-3499
463,签劳动合同形式就业,单位就业,1,劳动合同就业,山东省济南市历下区,其他企业,2500-2999
464,签劳动合同形式就业,单位就业,1,劳动合同就业,山东省济南市历下区,其他企业,3500-3999
465,签劳动合同形式就业,单位就业,1,劳动合同就业,山东省济南市历下区,其他企业,2500-2999
466,签就业协议形式就业,国有企业就业,1,协议就业,山东省济南市历下区,国有企业,3000-3499
467,签就业协议形式就业,国有企业就业,1,协议就业,山东省济南市历下区,国有企业,3000-3499
468,签就业协议形式就业,国有企业就业,1,协议就业,山东省济南市历下区,国有企业,3000-3499
469,签就业协议形式就业,国有企业就业,1,协议就业,山东省济南市历下区,国有企业,3000-3499
470,签就业协议形式就业,国有企业就业,1,协议就业,山东省济南市历下区,国有企业,3000-3499
471,签就业协议形式就业,国有企业就业,1,协议就业,山东省济南市历下区,国有企业,3000-3499
472,签就业协议形式就业,国有企业就业,1,协议就业,山东省济南市历下区,国有企业,3000-3499
473,签就业协议形式就业,国有企业就业,1,协议就业,山东省济南市历下区,国有企业,3000-3499
474,签就业协议形式就业,国有企业就业,1,协议就业,山东省济南市历下区,国有企业,3000-3499
475,签就业协议形式就业,国有企业就业,1,协议就业,山东省济南市历下区,国有企业,3000-3499
476,签就业协议形式就业,国有企业就业,1,协议就业,山东省济南市历下区,国有企业,3000-3499
477,签就业协议形式就业,国有企业就业,1,协议就业,山东省济南市历下区,国有企业,3000-3499
478,签就业协议形式就业,国有企业就业,1,协议就业,山东省济南市历下区,国有企业,3000-3499
479,签就业协议形式就业,国有企业就业,1,协议就业,山东省济南市历下区,国有企业,3000-3499
480,签就业协议形式就业,国有企业就业,1,协议就业,山东省济南市历下区,国有企业,3000-3499
481,签就业协议形式就业,国有企业就业,1,协议就业,山东省济南市历下区,国有企业,3000-3499
482,签就业协议形式就业,国有企业就业,1,协议就业,山东省济南市历下区,国有企业,4000-4499
483,自由职业,灵活就业等其他自主就业,1,自由职业,山东省济南市历下区,未就业,0
484,其他录用形式就业,其他形式就业,1,其他录用形式就业,山东省济南市历下区,其他企业,3000-3499
485,其他录用形式就业,其他形式就业,1,其他录用形式就业,山东省济南市历下区,其他企业,3500-3999
486,其他录用形式就业,其他形式就业,1,其他录用形式就业,山东省济南市历下区,其他企业,4000-4499
487,其他录用形式就业,其他形式就业,1,其他录用形式就业,山东省济南市历下区,其他事业单位,2500-2999
488,升学,升学,1,升学,山东省济南市,高等教育单位,0
489,升学,升学,1,升学,山东省济南市,高等教育单位,0
490,升学,升学,1,升学,山东省济南市,高等教育单位,0
491,升学,升学,1,升学,山东省济南市,高等教育单位,0
492,升学,升学,1,升学,山东省济南市,高等教育单位,0
493,升学,升学,1,升学,山东省济南市,高等教育单位,0
494,升学,升学,1,升学,山东省济南市,高等教育单位,0
495,升学,升学,1,升学,山东省济南市,高等教育单位,0
496,升学,升学,1,升学,山东省济南市,高等教育单位,0
497,升学,升学,1,升学,山东省济南市,高等教育单位,0
498,升学,升学,1,升学,山东省济南市,高等教育单位,0
499,升学,升学,1,升学,山东省济南市,高等教育单位,0
500,升学,升学,1,升学,山东省济南市,高等教育单位,0
501,升学,升学,1,升学,山东省济南市,高等教育单位,0
502,升学,升学,1,升学,山东省济南市,高等教育单位,0
503,升学,升学,1,升学,山东省济南市,高等教育单位,0
504,升学,升学,1,升学,山东省济南市,高等教育单位,0
505,升学,升学,1,升学,山东省济南市,高等教育单位,0
506,升学,升学,1,升学,山东省济南市,高等教育单位,0
507,升学,升学,1,升学,山东省济南市,高等教育单位,0
508,升学,升学,1,升学,山东省济南市,高等教育单位,0
509,升学,升学,1,升学,山东省济南市,高等教育单位,0
510,升学,升学,1,升学,山东省济南市,高等教育单位,0
511,升学,升学,1,升学,山东省济南市,高等教育单位,0
512,升学,升学,1,升学,山东省济南市,高等教育单位,0
513,升学,升学,1,升学,山东省济南市,高等教育单位,0
514,升学,升学,1,升学,山东省济南市,高等教育单位,0
515,升学,升学,1,升学,山东省济南市,高等教育单位,0
516,升学,升学,1,升学,山东省济南市,高等教育单位,0
517,升学,升学,1,升学,山东省济南市,高等教育单位,0
518,升学,升学,1,升学,山东省济南市,高等教育单位,0
519,升学,升学,1,升学,山东省济南市,高等教育单位,0
520,升学,升学,1,升学,山东省济南市,高等教育单位,0
521,升学,升学,1,升学,山东省济南市,高等教育单位,0
522,升学,升学,1,升学,山东省济南市,高等教育单位,0
523,升学,升学,1,升学,山东省济南市,高等教育单位,0
524,升学,升学,1,升学,山东省济南市,高等教育单位,0
525,升学,升学,1,升学,山东省济南市,高等教育单位,0
526,升学,升学,1,升学,山东省济南市,高等教育单位,0
527,升学,升学,1,升学,山东省济南市,高等教育单位,0
528,升学,升学,1,升学,山东省济南市,高等教育单位,0
529,升学,升学,1,升学,山东省济南市,高等教育单位,0
530,升学,升学,1,升学,山东省济南市,高等教育单位,0
531,升学,升学,1,升学,山东省济南市,高等教育单位,0
532,升学,升学,1,升学,山东省济南市,高等教育单位,0
533,升学,升学,1,升学,山东省济南市,高等教育单位,0
534,升学,升学,1,升学,山东省济南市,高等教育单位,0
535,升学,升学,1,升学,山东省济南市,高等教育单位,0
536,升学,升学,1,升学,山东省济南市,高等教育单位,0
537,升学,升学,1,升学,山东省济南市,高等教育单位,0
538,升学,升学,1,升学,山东省济南市,高等教育单位,0
539,升学,升学,1,升学,山东省济南市,高等教育单位,0
540,升学,升学,1,升学,山东省济南市,高等教育单位,0
541,升学,升学,1,升学,山东省济南市,高等教育单位,0
542,升学,升学,1,升学,山东省济南市,高等教育单位,0
543,升学,升学,1,升学,山东省济南市,高等教育单位,0
544,升学,升学,1,升学,山东省济南市,高等教育单位,0
545,升学,升学,1,升学,山东省济南市,高等教育单位,0
546,升学,升学,1,升学,山东省济南市,高等教育单位,0
547,升学,升学,1,升学,山东省济南市,高等教育单位,0
548,升学,升学,1,升学,山东省济南市,高等教育单位,0
549,升学,升学,1,升学,山东省济南市,高等教育单位,0
550,升学,升学,1,升学,山东省济南市,高等教育单位,0
551,升学,升学,1,升学,山东省济南市,高等教育单位,0
552,升学,升学,1,升学,山东省济南市,高等教育单位,0
553,升学,升学,1,升学,山东省济南市,高等教育单位,0
554,升学,升学,1,升学,山东省济南市,高等教育单位,0
555,自主创业,自主创业,1,自主创业,江西省九江市濂溪区,未就业,0
556,签就业协议形式就业,非国有企业就业,1,协议就业,福建省政和县,其他企业,2000以下
557,升学,升学,1,升学,福建省福州市,高等教育单位,0
558,升学,升学,1,升学,福建省福州市,高等教育单位,0
559,升学,升学,1,升学,福建省福州市,高等教育单位,0
560,升学,升学,1,升学,福建省福州市,高等教育单位,0
561,其他录用形式就业,其他形式就业,1,其他录用形式就业,安徽省寿县,其他企业,3500-3999
562,签就业协议形式就业,国有企业就业,1,协议就业,安徽省固镇县,国有企业,3000-3499
563,其他录用形式就业,其他形式就业,1,其他录用形式就业,安徽省芜湖市湾沚区,其他企业,2500-2999
564,签劳动合同形式就业,单位就业,1,劳动合同就业,安徽省合肥市包河区,其他企业,2500-2999
565,升学,升学,1,升学,安徽省合肥市,高等教育单位,0
566,升学,升学,1,升学,浙江省舟山市,高等教育单位,0
567,其他录用形式就业,其他形式就业,1,其他录用形式就业,浙江省衢州市柯城区,其他企业,2000以下
568,签就业协议形式就业,非国有企业就业,1,协议就业,浙江省东阳市,其他企业,3000-3499
569,签就业协议形式就业,非国有企业就业,1,协议就业,浙江省义乌市,其他企业,5500-5999
570,签就业协议形式就业,非国有企业就业,1,协议就业,浙江省湖州市吴兴区,其他企业,4000-4499
571,签就业协议形式就业,国有企业就业,1,协议就业,浙江省嘉兴市南湖区,国有企业,6500-6999
572,其他录用形式就业,其他形式就业,1,其他录用形式就业,浙江省嘉兴市南湖区,其他企业,2500-2999
573,签就业协议形式就业,非国有企业就业,1,协议就业,浙江省温州市瓯海区,其他企业,3000-3499
574,签就业协议形式就业,非国有企业就业,1,协议就业,浙江省宁波市鄞州区,其他企业,8000-8499
575,签就业协议形式就业,国有企业就业,1,协议就业,浙江省宁波市鄞州区,国有企业,2500-2999
576,升学,升学,1,升学,浙江省宁波市,高等教育单位,0
577,签就业协议形式就业,非国有企业就业,1,协议就业,浙江省杭州市余杭区,其他企业,3500-3999
578,签就业协议形式就业,非国有企业就业,1,协议就业,浙江省杭州市拱墅区,其他企业,7000-7499
579,升学,升学,1,升学,浙江省杭州市,高等教育单位,0
580,签就业协议形式就业,国有企业就业,1,协议就业,江苏省高邮市,国有企业,4000-4499
581,其他录用形式就业,其他形式就业,1,其他录用形式就业,江苏省高邮市,其他企业,4500-4999
582,其他录用形式就业,其他形式就业,1,其他录用形式就业,江苏省苏州市姑苏区,其他企业,3500-3999
583,签就业协议形式就业,非国有企业就业,1,协议就业,江苏省苏州市相城区,其他企业,4000-4499
584,签就业协议形式就业,非国有企业就业,1,协议就业,江苏省苏州市吴中区,其他企业,4500-4999
585,签劳动合同形式就业,单位就业,1,劳动合同就业,江苏省沛县,其他企业,3000-3499
586,签就业协议形式就业,事业单位就业,1,协议就业,江苏省丰县,其他事业单位,4500-4999
587,升学,升学,1,升学,江苏省徐州市,高等教育单位,0
588,签就业协议形式就业,非国有企业就业,1,协议就业,江苏省无锡市滨湖区,其他企业,7000-7499
589,签劳动合同形式就业,单位就业,1,劳动合同就业,上海市闵行区,其他企业,5000-5499
590,其他录用形式就业,其他形式就业,1,其他录用形式就业,上海市长宁区,其他企业,2000-2499
591,自主创业,自主创业,1,自主创业,上海市黄浦区,未就业,0
592,升学,升学,1,升学,黑龙江省大庆市,高等教育单位,0
593,升学,升学,1,升学,黑龙江省哈尔滨市,高等教育单位,0
594,升学,升学,1,升学,黑龙江省哈尔滨市,高等教育单位,0
595,升学,升学,1,升学,黑龙江省哈尔滨市,高等教育单位,0
596,升学,升学,1,升学,黑龙江省哈尔滨市,高等教育单位,0
597,升学,升学,1,升学,吉林省长春市,高等教育单位,0
598,升学,升学,1,升学,吉林省长春市,高等教育单位,0
599,升学,升学,1,升学,辽宁省锦州市,高等教育单位,0
600,升学,升学,1,升学,辽宁省锦州市,高等教育单位,0
601,其他录用形式就业,其他形式就业,1,其他录用形式就业,辽宁省海城市,其他企业,2000-2499
602,签劳动合同形式就业,单位就业,1,劳动合同就业,辽宁省大连市甘井子区,其他企业,3500-3999
603,升学,升学,1,升学,辽宁省大连市,高等教育单位,0
604,升学,升学,1,升学,辽宁省大连市,高等教育单位,0
605,升学,升学,1,升学,辽宁省大连市,高等教育单位,0
606,升学,升学,1,升学,辽宁省大连市,高等教育单位,0
607,升学,升学,1,升学,辽宁省大连市,高等教育单位,0
608,升学,升学,1,升学,辽宁省大连市,高等教育单位,0
609,签就业协议形式就业,国有企业就业,1,协议就业,辽宁省沈阳市沈河区,国有企业,3000-3499
610,签就业协议形式就业,国有企业就业,1,协议就业,辽宁省沈阳市沈河区,国有企业,2500-2999
611,升学,升学,1,升学,辽宁省沈阳市,高等教育单位,0
612,升学,升学,1,升学,辽宁省沈阳市,高等教育单位,0
613,升学,升学,1,升学,辽宁省沈阳市,高等教育单位,0
614,其他录用形式就业,其他形式就业,1,其他录用形式就业,内蒙古伊金霍洛旗,其他企业,3000-3499
615,签劳动合同形式就业,单位就业,1,劳动合同就业,内蒙古呼和浩特市赛罕区,其他事业单位,3000-3499
616,升学,升学,1,升学,山西省太原市,高等教育单位,0
617,升学,升学,1,升学,山西省太原市,高等教育单位,0
618,签劳动合同形式就业,单位就业,1,劳动合同就业,河北省廊坊市安次区,其他企业,4000-4499
619,其他录用形式就业,其他形式就业,1,其他录用形式就业,河北省献县,其他企业,2000-2499
620,签劳动合同形式就业,单位就业,1,劳动合同就业,河北省安新县,其他企业,2000以下
621,升学,升学,1,升学,河北省保定市,高等教育单位,0
622,升学,升学,1,升学,河北省保定市,高等教育单位,0
623,升学,升学,1,升学,河北省保定市,高等教育单位,0
624,其他录用形式就业,其他形式就业,1,其他录用形式就业,河北省平乡县,其他企业,2000-2499
625,其他录用形式就业,其他形式就业,1,其他录用形式就业,河北省隆尧县,其他企业,2500-2999
626,其他录用形式就业,其他形式就业,1,其他录用形式就业,河北省邯郸市复兴区,其他企业,2000以下
627,签就业协议形式就业,国有企业就业,1,协议就业,河北省邯郸市丛台区,国有企业,4500-4999
628,签就业协议形式就业,非国有企业就业,1,协议就业,河北省邯郸市邯山区,其他企业,5000-5499
629,其他录用形式就业,其他形式就业,1,其他录用形式就业,河北省唐山市开平区,其他企业,3500-3999
630,其他录用形式就业,其他形式就业,1,其他录用形式就业,河北省石家庄市裕华区,其他企业,2000以下
631,其他录用形式就业,其他形式就业,1,其他录用形式就业,河北省石家庄市新华区,其他企业,2000-2499
632,自主创业,自主创业,1,自主创业,河北省石家庄市桥西区,未就业,0
633,签就业协议形式就业,非国有企业就业,1,协议就业,河北省石家庄市长安区,其他企业,4500-4999
634,升学,升学,1,升学,河北省石家庄市,高等教育单位,0
635,升学,升学,1,升学,河北省石家庄市,高等教育单位,0
636,签劳动合同形式就业,单位就业,1,劳动合同就业,天津市滨海新区,其他企业,4000-4499
637,签就业协议形式就业,非国有企业就业,1,协议就业,天津市滨海新区,其他企业,7000-7499
638,其他录用形式就业,其他形式就业,1,其他录用形式就业,天津市滨海新区,其他企业,2000-2499
639,签就业协议形式就业,国有企业就业,1,协议就业,天津市河西区,国有企业,3000-3499
640,签就业协议形式就业,国有企业就业,1,协议就业,天津市河西区,国有企业,4000-4499
641,签就业协议形式就业,非国有企业就业,1,协议就业,天津市和平区,其他企业,2500-2999
642,升学,升学,1,升学,天津市,高等教育单位,0
643,升学,升学,1,升学,天津市,高等教育单位,0
644,升学,升学,1,升学,天津市,高等教育单位,0
645,升学,升学,1,升学,天津市,高等教育单位,0
646,升学,升学,1,升学,天津市,高等教育单位,0
647,升学,升学,1,升学,天津市,高等教育单位,0
648,其他录用形式就业,其他形式就业,1,其他录用形式就业,北京市大兴区,其他企业,3000-3499
649,其他录用形式就业,其他形式就业,1,其他录用形式就业,北京市通州区,其他企业,4000-4499
650,签劳动合同形式就业,单位就业,1,劳动合同就业,北京市海淀区,其他企业,2000-2499
651,其他录用形式就业,其他形式就业,1,其他录用形式就业,北京市海淀区,其他企业,2000-2499
652,其他录用形式就业,其他形式就业,1,其他录用形式就业,北京市朝阳区,其他企业,3000-3499
653,升学,升学,1,升学,北京市,高等教育单位,0
654,升学,升学,1,升学,北京市,高等教育单位,0
655,不就业拟升学,其他情况未就业,0,未就业,,未就业,0
656,不就业拟升学,其他情况未就业,0,未就业,,未就业,0
657,不就业拟升学,其他情况未就业,0,未就业,,未就业,0
658,不就业拟升学,其他情况未就业,0,未就业,,未就业,0
659,不就业拟升学,其他情况未就业,0,未就业,,未就业,0
660,不就业拟升学,其他情况未就业,0,未就业,,未就业,0
661,不就业拟升学,其他情况未就业,0,未就业,,未就业,0
662,不就业拟升学,其他情况未就业,0,未就业,,未就业,0
663,不就业拟升学,其他情况未就业,0,未就业,,未就业,0
664,不就业拟升学,其他情况未就业,0,未就业,,未就业,0
665,不就业拟升学,其他情况未就业,0,未就业,,未就业,0
666,不就业拟升学,其他情况未就业,0,未就业,,未就业,0
667,不就业拟升学,其他情况未就业,0,未就业,,未就业,0
668,不就业拟升学,其他情况未就业,0,未就业,,未就业,0
669,不就业拟升学,其他情况未就业,0,未就业,,未就业,0
670,不就业拟升学,其他情况未就业,0,未就业,,未就业,0
671,不就业拟升学,其他情况未就业,0,未就业,,未就业,0
672,不就业拟升学,其他情况未就业,0,未就业,,未就业,0
673,不就业拟升学,其他情况未就业,0,未就业,,未就业,0
674,不就业拟升学,其他情况未就业,0,未就业,,未就业,0
675,不就业拟升学,其他情况未就业,0,未就业,,未就业,0
676,不就业拟升学,其他情况未就业,0,未就业,,未就业,0
677,不就业拟升学,其他情况未就业,0,未就业,,未就业,0
678,不就业拟升学,其他情况未就业,0,未就业,,未就业,0
679,不就业拟升学,其他情况未就业,0,未就业,,未就业,0
680,不就业拟升学,其他情况未就业,0,未就业,,未就业,0
681,不就业拟升学,其他情况未就业,0,未就业,,未就业,0
682,不就业拟升学,其他情况未就业,0,未就业,,未就业,0
683,不就业拟升学,其他情况未就业,0,未就业,,未就业,0
684,待就业,未就业,0,未就业,,未就业,0
685,待就业,未就业,0,未就业,,未就业,0
686,待就业,未就业,0,未就业,,未就业,0
687,待就业,未就业,0,未就业,,未就业,0
688,待就业,未就业,0,未就业,,未就业,0
689,待就业,未就业,0,未就业,,未就业,0
690,待就业,未就业,0,未就业,,未就业,0
691,待就业,未就业,0,未就业,,未就业,0
692,待就业,未就业,0,未就业,,未就业,0
693,待就业,未就业,0,未就业,,未就业,0
694,待就业,未就业,0,未就业,,未就业,0
695,待就业,未就业,0,未就业,,未就业,0
696,待就业,未就业,0,未就业,,未就业,0
697,待就业,未就业,0,未就业,,未就业,0
698,待就业,未就业,0,未就业,,未就业,0
699,待就业,未就业,0,未就业,,未就业,0
700,待就业,未就业,0,未就业,,未就业,0
701,待就业,未就业,0,未就业,,未就业,0
702,待就业,未就业,0,未就业,,未就业,0
703,待就业,未就业,0,未就业,,未就业,0
704,待就业,未就业,0,未就业,,未就业,0
705,待就业,未就业,0,未就业,,未就业,0
706,待就业,未就业,0,未就业,,未就业,0
707,待就业,未就业,0,未就业,,未就业,0
708,待就业,未就业,0,未就业,,未就业,0
709,待就业,未就业,0,未就业,,未就业,0
710,待就业,未就业,0,未就业,,未就业,0
711,待就业,未就业,0,未就业,,未就业,0
712,待就业,未就业,0,未就业,,未就业,0
713,待就业,未就业,0,未就业,,未就业,0
714,待就业,未就业,0,未就业,,未就业,0
715,待就业,未就业,0,未就业,,未就业,0
716,待就业,未就业,0,未就业,,未就业,0
717,待就业,未就业,0,未就业,,未就业,0
718,待就业,未就业,0,未就业,,未就业,0
719,待就业,未就业,0,未就业,,未就业,0
720,待就业,未就业,0,未就业,,未就业,0
721,待就业,未就业,0,未就业,,未就业,0
722,待就业,未就业,0,未就业,,未就业,0
723,待就业,未就业,0,未就业,,未就业,0
724,待就业,未就业,0,未就业,,未就业,0
725,待就业,未就业,0,未就业,,未就业,0
726,待就业,未就业,0,未就业,,未就业,0
727,待就业,未就业,0,未就业,,未就业,0
728,待就业,未就业,0,未就业,,未就业,0
729,待就业,未就业,0,未就业,,未就业,0
730,待就业,未就业,0,未就业,,未就业,0
731,待就业,未就业,0,未就业,,未就业,0
732,待就业,未就业,0,未就业,,未就业,0
733,待就业,未就业,0,未就业,,未就业,0
734,待就业,未就业,0,未就业,,未就业,0
735,待就业,未就业,0,未就业,,未就业,0
736,待就业,未就业,0,未就业,,未就业,0
737,待就业,未就业,0,未就业,,未就业,0
738,待就业,未就业,0,未就业,,未就业,0
739,待就业,未就业,0,未就业,,未就业,0
740,待就业,未就业,0,未就业,,未就业,0
741,待就业,未就业,0,未就业,,未就业,0
742,待就业,未就业,0,未就业,,未就业,0
743,待就业,未就业,0,未就业,,未就业,0
744,待就业,未就业,0,未就业,,未就业,0
745,待就业,未就业,0,未就业,,未就业,0
746,待就业,未就业,0,未就业,,未就业,0
747,待就业,未就业,0,未就业,,未就业,0
748,待就业,未就业,0,未就业,,未就业,0
749,待就业,未就业,0,未就业,,未就业,0
750,待就业,未就业,0,未就业,,未就业,0
751,待就业,未就业,0,未就业,,未就业,0
752,待就业,未就业,0,未就业,,未就业,0
753,待就业,未就业,0,未就业,,未就业,0
754,待就业,未就业,0,未就业,,未就业,0
755,待就业,未就业,0,未就业,,未就业,0
756,待就业,未就业,0,未就业,,未就业,0
757,待就业,未就业,0,未就业,,未就业,0
758,待就业,未就业,0,未就业,,未就业,0
759,待就业,未就业,0,未就业,,未就业,0
760,待就业,未就业,0,未就业,,未就业,0
761,待就业,未就业,0,未就业,,未就业,0
762,待就业,未就业,0,未就业,,未就业,0
763,待就业,未就业,0,未就业,,未就业,0
764,待就业,未就业,0,未就业,,未就业,0
765,待就业,未就业,0,未就业,,未就业,0
766,待就业,未就业,0,未就业,,未就业,0
767,待就业,未就业,0,未就业,,未就业,0
768,待就业,未就业,0,未就业,,未就业,0
769,待就业,未就业,0,未就业,,未就业,0
770,待就业,未就业,0,未就业,,未就业,0
771,待就业,未就业,0,未就业,,未就业,0
772,待就业,未就业,0,未就业,,未就业,0
773,待就业,未就业,0,未就业,,未就业,0
774,待就业,未就业,0,未就业,,未就业,0
775,待就业,未就业,0,未就业,,未就业,0
776,待就业,未就业,0,未就业,,未就业,0
777,待就业,未就业,0,未就业,,未就业,0
778,待就业,未就业,0,未就业,,未就业,0
779,待就业,未就业,0,未就业,,未就业,0
780,待就业,未就业,0,未就业,,未就业,0
781,待就业,未就业,0,未就业,,未就业,0
782,待就业,未就业,0,未就业,,未就业,0
783,待就业,未就业,0,未就业,,未就业,0
784,待就业,未就业,0,未就业,,未就业,0
785,待就业,未就业,0,未就业,,未就业,0
786,待就业,未就业,0,未就业,,未就业,0
787,待就业,未就业,0,未就业,,未就业,0
788,待就业,未就业,0,未就业,,未就业,0
789,待就业,未就业,0,未就业,,未就业,0
790,待就业,未就业,0,未就业,,未就业,0
791,待就业,未就业,0,未就业,,未就业,0
792,待就业,未就业,0,未就业,,未就业,0
793,待就业,未就业,0,未就业,,未就业,0
794,待就业,未就业,0,未就业,,未就业,0
795,待就业,未就业,0,未就业,,未就业,0
796,待就业,未就业,0,未就业,,未就业,0
797,待就业,未就业,0,未就业,,未就业,0
798,待就业,未就业,0,未就业,,未就业,0
799,待就业,未就业,0,未就业,,未就业,0
800,待就业,未就业,0,未就业,,未就业,0
801,待就业,未就业,0,未就业,,未就业,0
802,待就业,未就业,0,未就业,,未就业,0
803,待就业,未就业,0,未就业,,未就业,0
804,待就业,未就业,0,未就业,,未就业,0
805,待就业,未就业,0,未就业,,未就业,0
806,待就业,未就业,0,未就业,,未就业,0
807,待就业,未就业,0,未就业,,未就业,0
808,待就业,未就业,0,未就业,,未就业,0
809,待就业,未就业,0,未就业,,未就业,0
810,待就业,未就业,0,未就业,,未就业,0
811,待就业,未就业,0,未就业,,未就业,0
812,待就业,未就业,0,未就业,,未就业,0
813,待就业,未就业,0,未就业,,未就业,0
814,待就业,未就业,0,未就业,,未就业,0
815,待就业,未就业,0,未就业,,未就业,0
816,待就业,未就业,0,未就业,,未就业,0
817,待就业,未就业,0,未就业,,未就业,0
818,待就业,未就业,0,未就业,,未就业,0
819,待就业,未就业,0,未就业,,未就业,0
820,待就业,未就业,0,未就业,,未就业,0
821,待就业,未就业,0,未就业,,未就业,0
822,待就业,未就业,0,未就业,,未就业,0
823,待就业,未就业,0,未就业,,未就业,0
824,待就业,未就业,0,未就业,,未就业,0
825,待就业,未就业,0,未就业,,未就业,0
826,待就业,未就业,0,未就业,,未就业,0
827,待就业,未就业,0,未就业,,未就业,0
828,待就业,未就业,0,未就业,,未就业,0
829,待就业,未就业,0,未就业,,未就业,0
830,待就业,未就业,0,未就业,,未就业,0
831,待就业,未就业,0,未就业,,未就业,0
832,待就业,未就业,0,未就业,,未就业,0
833,待就业,未就业,0,未就业,,未就业,0
834,待就业,未就业,0,未就业,,未就业,0
835,待就业,未就业,0,未就业,,未就业,0
836,待就业,未就业,0,未就业,,未就业,0
837,待就业,未就业,0,未就业,,未就业,0
838,待就业,未就业,0,未就业,,未就业,0
839,待就业,未就业,0,未就业,,未就业,0
840,待就业,未就业,0,未就业,,未就业,0
841,待就业,未就业,0,未就业,,未就业,0
842,待就业,未就业,0,未就业,,未就业,0
843,待就业,未就业,0,未就业,,未就业,0
844,待就业,未就业,0,未就业,,未就业,0
845,待就业,未就业,0,未就业,,未就业,0
846,待就业,未就业,0,未就业,,未就业,0
847,待就业,未就业,0,未就业,,未就业,0
848,待就业,未就业,0,未就业,,未就业,0
849,待就业,未就业,0,未就业,,未就业,0
850,待就业,未就业,0,未就业,,未就业,0
851,待就业,未就业,0,未就业,,未就业,0
852,待就业,未就业,0,未就业,,未就业,0
853,待就业,未就业,0,未就业,,未就业,0
854,待就业,未就业,0,未就业,,未就业,0
855,待就业,未就业,0,未就业,,未就业,0
856,待就业,未就业,0,未就业,,未就业,0
857,待就业,未就业,0,未就业,,未就业,0
858,待就业,未就业,0,未就业,,未就业,0
859,待就业,未就业,0,未就业,,未就业,0
860,待就业,未就业,0,未就业,,未就业,0
861,待就业,未就业,0,未就业,,未就业,0
862,待就业,未就业,0,未就业,,未就业,0
863,待就业,未就业,0,未就业,,未就业,0
864,待就业,未就业,0,未就业,,未就业,0
865,待就业,未就业,0,未就业,,未就业,0
866,待就业,未就业,0,未就业,,未就业,0
867,待就业,未就业,0,未就业,,未就业,0
868,待就业,未就业,0,未就业,,未就业,0
869,待就业,未就业,0,未就业,,未就业,0
870,待就业,未就业,0,未就业,,未就业,0
871,待就业,未就业,0,未就业,,未就业,0
872,待就业,未就业,0,未就业,,未就业,0
873,待就业,未就业,0,未就业,,未就业,0
874,待就业,未就业,0,未就业,,未就业,0
875,待就业,未就业,0,未就业,,未就业,0
876,待就业,未就业,0,未就业,,未就业,0
877,待就业,未就业,0,未就业,,未就业,0
878,待就业,未就业,0,未就业,,未就业,0
879,待就业,未就业,0,未就业,,未就业,0
880,待就业,未就业,0,未就业,,未就业,0
881,待就业,未就业,0,未就业,,未就业,0
882,待就业,未就业,0,未就业,,未就业,0
883,待就业,未就业,0,未就业,,未就业,0
884,待就业,未就业,0,未就业,,未就业,0
885,待就业,未就业,0,未就业,,未就业,0
886,待就业,未就业,0,未就业,,未就业,0
887,待就业,未就业,0,未就业,,未就业,0
888,待就业,未就业,0,未就业,,未就业,0
889,待就业,未就业,0,未就业,,未就业,0
890,待就业,未就业,0,未就业,,未就业,0
891,待就业,未就业,0,未就业,,未就业,0
892,待就业,未就业,0,未就业,,未就业,0
893,待就业,未就业,0,未就业,,未就业,0
894,待就业,未就业,0,未就业,,未就业,0
895,待就业,未就业,0,未就业,,未就业,0
896,待就业,未就业,0,未就业,,未就业,0
897,待就业,未就业,0,未就业,,未就业,0
898,待就业,未就业,0,未就业,,未就业,0
899,待就业,未就业,0,未就业,,未就业,0
900,待就业,未就业,0,未就业,,未就业,0
901,待就业,未就业,0,未就业,,未就业,0
902,待就业,未就业,0,未就业,,未就业,0
903,待就业,未就业,0,未就业,,未就业,0
904,待就业,未就业,0,未就业,,未就业,0
905,待就业,未就业,0,未就业,,未就业,0
906,待就业,未就业,0,未就业,,未就业,0
907,待就业,未就业,0,未就业,,未就业,0
908,待就业,未就业,0,未就业,,未就业,0
909,待就业,未就业,0,未就业,,未就业,0
910,待就业,未就业,0,未就业,,未就业,0
911,待就业,未就业,0,未就业,,未就业,0
912,待就业,未就业,0,未就业,,未就业,0
913,待就业,未就业,0,未就业,,未就业,0
914,待就业,未就业,0,未就业,,未就业,0
915,待就业,未就业,0,未就业,,未就业,0
916,待就业,未就业,0,未就业,,未就业,0
917,待就业,未就业,0,未就业,,未就业,0
918,待就业,未就业,0,未就业,,未就业,0
919,待就业,未就业,0,未就业,,未就业,0
920,待就业,未就业,0,未就业,,未就业,0
921,待就业,未就业,0,未就业,,未就业,0
922,待就业,未就业,0,未就业,,未就业,0
923,待就业,未就业,0,未就业,,未就业,0
924,待就业,未就业,0,未就业,,未就业,0
925,待就业,未就业,0,未就业,,未就业,0
926,待就业,未就业,0,未就业,,未就业,0
927,待就业,未就业,0,未就业,,未就业,0
928,待就业,未就业,0,未就业,,未就业,0
929,待就业,未就业,0,未就业,,未就业,0
930,待就业,未就业,0,未就业,,未就业,0
931,待就业,未就业,0,未就业,,未就业,0
932,待就业,未就业,0,未就业,,未就业,0
933,待就业,未就业,0,未就业,,未就业,0
934,待就业,未就业,0,未就业,,未就业,0
935,待就业,未就业,0,未就业,,未就业,0
936,待就业,未就业,0,未就业,,未就业,0
937,待就业,未就业,0,未就业,,未就业,0
938,待就业,未就业,0,未就业,,未就业,0
939,待就业,未就业,0,未就业,,未就业,0
940,待就业,未就业,0,未就业,,未就业,0
941,待就业,未就业,0,未就业,,未就业,0
942,待就业,未就业,0,未就业,,未就业,0
943,待就业,未就业,0,未就业,,未就业,0
944,待就业,未就业,0,未就业,,未就业,0
945,待就业,未就业,0,未就业,,未就业,0
946,待就业,未就业,0,未就业,,未就业,0
947,待就业,未就业,0,未就业,,未就业,0
948,待就业,未就业,0,未就业,,未就业,0
949,待就业,未就业,0,未就业,,未就业,0
950,待就业,未就业,0,未就业,,未就业,0
951,待就业,未就业,0,未就业,,未就业,0
952,待就业,未就业,0,未就业,,未就业,0
953,待就业,未就业,0,未就业,,未就业,0
954,待就业,未就业,0,未就业,,未就业,0
955,待就业,未就业,0,未就业,,未就业,0
956,待就业,未就业,0,未就业,,未就业,0
957,待就业,未就业,0,未就业,,未就业,0
958,待就业,未就业,0,未就业,,未就业,0
959,待就业,未就业,0,未就业,,未就业,0
960,待就业,未就业,0,未就业,,未就业,0
961,待就业,未就业,0,未就业,,未就业,0
962,待就业,未就业,0,未就业,,未就业,0
963,待就业,未就业,0,未就业,,未就业,0
964,待就业,未就业,0,未就业,,未就业,0
965,待就业,未就业,0,未就业,,未就业,0
966,待就业,未就业,0,未就业,,未就业,0
967,待就业,未就业,0,未就业,,未就业,0
968,待就业,未就业,0,未就业,,未就业,0
969,待就业,未就业,0,未就业,,未就业,0
970,待就业,未就业,0,未就业,,未就业,0
971,待就业,未就业,0,未就业,,未就业,0
972,待就业,未就业,0,未就业,,未就业,0
973,待就业,未就业,0,未就业,,未就业,0
974,待就业,未就业,0,未就业,,未就业,0
975,待就业,未就业,0,未就业,,未就业,0
976,待就业,未就业,0,未就业,,未就业,0
977,待就业,未就业,0,未就业,,未就业,0
978,待就业,未就业,0,未就业,,未就业,0
979,待就业,未就业,0,未就业,,未就业,0
980,待就业,未就业,0,未就业,,未就业,0
981,待就业,未就业,0,未就业,,未就业,0
982,待就业,未就业,0,未就业,,未就业,0
983,待就业,未就业,0,未就业,,未就业,0
984,待就业,未就业,0,未就业,,未就业,0
985,待就业,未就业,0,未就业,,未就业,0
986,待就业,未就业,0,未就业,,未就业,0
987,待就业,未就业,0,未就业,,未就业,0
988,待就业,未就业,0,未就业,,未就业,0
989,待就业,未就业,0,未就业,,未就业,0
990,待就业,未就业,0,未就业,,未就业,0
991,待就业,未就业,0,未就业,,未就业,0
992,待就业,未就业,0,未就业,,未就业,0
993,待就业,未就业,0,未就业,,未就业,0
994,待就业,未就业,0,未就业,,未就业,0
995,待就业,未就业,0,未就业,,未就业,0
996,待就业,未就业,0,未就业,,未就业,0
997,待就业,未就业,0,未就业,,未就业,0
998,待就业,未就业,0,未就业,,未就业,0
999,待就业,未就业,0,未就业,,未就业,0
1000,待就业,未就业,0,未就业,,未就业,0
1001,待就业,未就业,0,未就业,,未就业,0
1002,待就业,未就业,0,未就业,,未就业,0
1003,待就业,未就业,0,未就业,,未就业,0
1004,待就业,未就业,0,未就业,,未就业,0
1005,待就业,未就业,0,未就业,,未就业,0
1006,待就业,未就业,0,未就业,,未就业,0
1007,待就业,未就业,0,未就业,,未就业,0
1008,待就业,未就业,0,未就业,,未就业,0
1009,待就业,未就业,0,未就业,,未就业,0
1010,待就业,未就业,0,未就业,,未就业,0
1011,待就业,未就业,0,未就业,,未就业,0
1012,待就业,未就业,0,未就业,,未就业,0
1013,待就业,未就业,0,未就业,,未就业,0
1014,待就业,未就业,0,未就业,,未就业,0
1015,待就业,未就业,0,未就业,,未就业,0
1016,待就业,未就业,0,未就业,,未就业,0
1017,待就业,未就业,0,未就业,,未就业,0
1018,待就业,未就业,0,未就业,,未就业,0
1019,待就业,未就业,0,未就业,,未就业,0
1020,待就业,未就业,0,未就业,,未就业,0
1021,待就业,未就业,0,未就业,,未就业,0
1022,待就业,未就业,0,未就业,,未就业,0
1023,待就业,未就业,0,未就业,,未就业,0
1024,待就业,未就业,0,未就业,,未就业,0
1025,待就业,未就业,0,未就业,,未就业,0
1026,待就业,未就业,0,未就业,,未就业,0
1027,待就业,未就业,0,未就业,,未就业,0
1028,待就业,未就业,0,未就业,,未就业,0
1029,待就业,未就业,0,未就业,,未就业,0
1030,待就业,未就业,0,未就业,,未就业,0
1031,待就业,未就业,0,未就业,,未就业,0
1032,待就业,未就业,0,未就业,,未就业,0
1033,待就业,未就业,0,未就业,,未就业,0
1034,待就业,未就业,0,未就业,,未就业,0
1035,待就业,未就业,0,未就业,,未就业,0
1036,待就业,未就业,0,未就业,,未就业,0
1037,待就业,未就业,0,未就业,,未就业,0
1038,待就业,未就业,0,未就业,,未就业,0
1039,待就业,未就业,0,未就业,,未就业,0
1040,待就业,未就业,0,未就业,,未就业,0
1041,待就业,未就业,0,未就业,,未就业,0
1042,待就业,未就业,0,未就业,,未就业,0
1043,待就业,未就业,0,未就业,,未就业,0
1044,待就业,未就业,0,未就业,,未就业,0
1045,待就业,未就业,0,未就业,,未就业,0
1046,待就业,未就业,0,未就业,,未就业,0
1047,待就业,未就业,0,未就业,,未就业,0
1048,待就业,未就业,0,未就业,,未就业,0
1049,待就业,未就业,0,未就业,,未就业,0
1050,待就业,未就业,0,未就业,,未就业,0
1051,待就业,未就业,0,未就业,,未就业,0
1052,待就业,未就业,0,未就业,,未就业,0
1053,待就业,未就业,0,未就业,,未就业,0
1054,待就业,未就业,0,未就业,,未就业,0
1055,待就业,未就业,0,未就业,,未就业,0
1056,待就业,未就业,0,未就业,,未就业,0
1057,待就业,未就业,0,未就业,,未就业,0
1058,待就业,未就业,0,未就业,,未就业,0
1059,待就业,未就业,0,未就业,,未就业,0
1060,待就业,未就业,0,未就业,,未就业,0
1061,待就业,未就业,0,未就业,,未就业,0
1062,待就业,未就业,0,未就业,,未就业,0
1063,待就业,未就业,0,未就业,,未就业,0
1064,待就业,未就业,0,未就业,,未就业,0
1065,待就业,未就业,0,未就业,,未就业,0
1066,待就业,未就业,0,未就业,,未就业,0
1067,待就业,未就业,0,未就业,,未就业,0
1068,待就业,未就业,0,未就业,,未就业,0
1069,待就业,未就业,0,未就业,,未就业,0
1070,待就业,未就业,0,未就业,,未就业,0
1071,待就业,未就业,0,未就业,,未就业,0
1072,待就业,未就业,0,未就业,,未就业,0
1073,待就业,未就业,0,未就业,,未就业,0
1074,待就业,未就业,0,未就业,,未就业,0
1075,待就业,未就业,0,未就业,,未就业,0
1076,待就业,未就业,0,未就业,,未就业,0
1077,待就业,未就业,0,未就业,,未就业,0
1078,待就业,未就业,0,未就业,,未就业,0
1079,待就业,未就业,0,未就业,,未就业,0
1080,待就业,未就业,0,未就业,,未就业,0
1081,待就业,未就业,0,未就业,,未就业,0
1082,待就业,未就业,0,未就业,,未就业,0
1083,待就业,未就业,0,未就业,,未就业,0
1084,待就业,未就业,0,未就业,,未就业,0
1085,待就业,未就业,0,未就业,,未就业,0
1086,待就业,未就业,0,未就业,,未就业,0
1087,待就业,未就业,0,未就业,,未就业,0
1088,待就业,未就业,0,未就业,,未就业,0
1089,待就业,未就业,0,未就业,,未就业,0
1090,待就业,未就业,0,未就业,,未就业,0
1091,待就业,未就业,0,未就业,,未就业,0
1092,待就业,未就业,0,未就业,,未就业,0
1093,待就业,未就业,0,未就业,,未就业,0
1094,待就业,未就业,0,未就业,,未就业,0
1095,待就业,未就业,0,未就业,,未就业,0
1096,待就业,未就业,0,未就业,,未就业,0
1097,待就业,未就业,0,未就业,,未就业,0
1098,待就业,未就业,0,未就业,,未就业,0
1099,待就业,未就业,0,未就业,,未就业,0
1100,待就业,未就业,0,未就业,,未就业,0
1101,待就业,未就业,0,未就业,,未就业,0
1102,待就业,未就业,0,未就业,,未就业,0
1103,待就业,未就业,0,未就业,,未就业,0
1104,待就业,未就业,0,未就业,,未就业,0
1105,待就业,未就业,0,未就业,,未就业,0
1106,待就业,未就业,0,未就业,,未就业,0
1107,待就业,未就业,0,未就业,,未就业,0
1108,待就业,未就业,0,未就业,,未就业,0
1109,待就业,未就业,0,未就业,,未就业,0
1110,待就业,未就业,0,未就业,,未就业,0
1111,待就业,未就业,0,未就业,,未就业,0
1112,待就业,未就业,0,未就业,,未就业,0
1113,待就业,未就业,0,未就业,,未就业,0
1114,待就业,未就业,0,未就业,,未就业,0
1115,待就业,未就业,0,未就业,,未就业,0
1116,待就业,未就业,0,未就业,,未就业,0
1117,待就业,未就业,0,未就业,,未就业,0
1118,待就业,未就业,0,未就业,,未就业,0
1119,待就业,未就业,0,未就业,,未就业,0
1120,待就业,未就业,0,未就业,,未就业,0
1121,待就业,未就业,0,未就业,,未就业,0
1122,待就业,未就业,0,未就业,,未就业,0
1123,待就业,未就业,0,未就业,,未就业,0
1124,待就业,未就业,0,未就业,,未就业,0
1125,待就业,未就业,0,未就业,,未就业,0
1126,待就业,未就业,0,未就业,,未就业,0
1127,待就业,未就业,0,未就业,,未就业,0
1128,待就业,未就业,0,未就业,,未就业,0
1129,待就业,未就业,0,未就业,,未就业,0
1130,待就业,未就业,0,未就业,,未就业,0
1131,待就业,未就业,0,未就业,,未就业,0
1132,待就业,未就业,0,未就业,,未就业,0
1133,待就业,未就业,0,未就业,,未就业,0
1134,待就业,未就业,0,未就业,,未就业,0
1135,待就业,未就业,0,未就业,,未就业,0
1136,待就业,未就业,0,未就业,,未就业,0
1137,待就业,未就业,0,未就业,,未就业,0
1138,待就业,未就业,0,未就业,,未就业,0
1139,待就业,未就业,0,未就业,,未就业,0
1140,待就业,未就业,0,未就业,,未就业,0
1141,待就业,未就业,0,未就业,,未就业,0
1142,待就业,未就业,0,未就业,,未就业,0
1143,待就业,未就业,0,未就业,,未就业,0
1144,待就业,未就业,0,未就业,,未就业,0
1145,待就业,未就业,0,未就业,,未就业,0
1146,待就业,未就业,0,未就业,,未就业,0
1147,待就业,未就业,0,未就业,,未就业,0
1148,待就业,未就业,0,未就业,,未就业,0
1149,待就业,未就业,0,未就业,,未就业,0
1150,待就业,未就业,0,未就业,,未就业,0
1151,待就业,未就业,0,未就业,,未就业,0
1152,待就业,未就业,0,未就业,,未就业,0
1153,待就业,未就业,0,未就业,,未就业,0
1154,待就业,未就业,0,未就业,,未就业,0
1155,待就业,未就业,0,未就业,,未就业,0
1156,待就业,未就业,0,未就业,,未就业,0
1157,待就业,未就业,0,未就业,,未就业,0
1158,待就业,未就业,0,未就业,,未就业,0
1159,待就业,未就业,0,未就业,,未就业,0
1160,待就业,未就业,0,未就业,,未就业,0
1161,待就业,未就业,0,未就业,,未就业,0
1162,待就业,未就业,0,未就业,,未就业,0
1163,待就业,未就业,0,未就业,,未就业,0
1164,待就业,未就业,0,未就业,,未就业,0
1165,待就业,未就业,0,未就业,,未就业,0
1166,待就业,未就业,0,未就业,,未就业,0
1167,待就业,未就业,0,未就业,,未就业,0
1168,待就业,未就业,0,未就业,,未就业,0
1169,待就业,未就业,0,未就业,,未就业,0
1170,待就业,未就业,0,未就业,,未就业,0
1171,待就业,未就业,0,未就业,,未就业,0
1172,待就业,未就业,0,未就业,,未就业,0
1173,待就业,未就业,0,未就业,,未就业,0
1174,待就业,未就业,0,未就业,,未就业,0
1175,待就业,未就业,0,未就业,,未就业,0
1176,待就业,未就业,0,未就业,,未就业,0
1177,待就业,未就业,0,未就业,,未就业,0
1178,待就业,未就业,0,未就业,,未就业,0
1179,待就业,未就业,0,未就业,,未就业,0
1180,待就业,未就业,0,未就业,,未就业,0
1181,待就业,未就业,0,未就业,,未就业,0
1182,待就业,未就业,0,未就业,,未就业,0
1183,待就业,未就业,0,未就业,,未就业,0
1184,待就业,未就业,0,未就业,,未就业,0
1185,待就业,未就业,0,未就业,,未就业,0
1186,待就业,未就业,0,未就业,,未就业,0
1187,待就业,未就业,0,未就业,,未就业,0
1188,待就业,未就业,0,未就业,,未就业,0
1189,待就业,未就业,0,未就业,,未就业,0
1190,待就业,未就业,0,未就业,,未就业,0
1191,待就业,未就业,0,未就业,,未就业,0
1192,待就业,未就业,0,未就业,,未就业,0
1193,待就业,未就业,0,未就业,,未就业,0
1194,待就业,未就业,0,未就业,,未就业,0
1195,待就业,未就业,0,未就业,,未就业,0
1196,待就业,未就业,0,未就业,,未就业,0
1197,待就业,未就业,0,未就业,,未就业,0
1198,待就业,未就业,0,未就业,,未就业,0
1199,待就业,未就业,0,未就业,,未就业,0
1200,待就业,未就业,0,未就业,,未就业,0
1201,待就业,未就业,0,未就业,,未就业,0
1202,待就业,未就业,0,未就业,,未就业,0
1203,待就业,未就业,0,未就业,,未就业,0
1204,待就业,未就业,0,未就业,,未就业,0
1205,待就业,未就业,0,未就业,,未就业,0
1206,待就业,未就业,0,未就业,,未就业,0
1207,待就业,未就业,0,未就业,,未就业,0
1208,待就业,未就业,0,未就业,,未就业,0
1209,待就业,未就业,0,未就业,,未就业,0
1210,待就业,未就业,0,未就业,,未就业,0
1211,待就业,未就业,0,未就业,,未就业,0
1212,待就业,未就业,0,未就业,,未就业,0
1213,待就业,未就业,0,未就业,,未就业,0
1214,待就业,未就业,0,未就业,,未就业,0
1215,待就业,未就业,0,未就业,,未就业,0
1216,待就业,未就业,0,未就业,,未就业,0
1217,待就业,未就业,0,未就业,,未就业,0
1218,待就业,未就业,0,未就业,,未就业,0
1219,待就业,未就业,0,未就业,,未就业,0
1220,待就业,未就业,0,未就业,,未就业,0
1221,待就业,未就业,0,未就业,,未就业,0
1222,待就业,未就业,0,未就业,,未就业,0
1223,待就业,未就业,0,未就业,,未就业,0
1224,待就业,未就业,0,未就业,,未就业,0
1225,待就业,未就业,0,未就业,,未就业,0
1226,待就业,未就业,0,未就业,,未就业,0
1227,待就业,未就业,0,未就业,,未就业,0
1228,待就业,未就业,0,未就业,,未就业,0
1229,待就业,未就业,0,未就业,,未就业,0
1230,待就业,未就业,0,未就业,,未就业,0
1231,待就业,未就业,0,未就业,,未就业,0
1232,待就业,未就业,0,未就业,,未就业,0
1233,待就业,未就业,0,未就业,,未就业,0
1234,待就业,未就业,0,未就业,,未就业,0
1235,待就业,未就业,0,未就业,,未就业,0
1236,待就业,未就业,0,未就业,,未就业,0
1237,待就业,未就业,0,未就业,,未就业,0
1238,待就业,未就业,0,未就业,,未就业,0
1239,待就业,未就业,0,未就业,,未就业,0
1240,待就业,未就业,0,未就业,,未就业,0
1241,待就业,未就业,0,未就业,,未就业,0
1242,待就业,未就业,0,未就业,,未就业,0
1243,待就业,未就业,0,未就业,,未就业,0
1244,待就业,未就业,0,未就业,,未就业,0
1245,待就业,未就业,0,未就业,,未就业,0
1246,待就业,未就业,0,未就业,,未就业,0
1247,待就业,未就业,0,未就业,,未就业,0
1248,待就业,未就业,0,未就业,,未就业,0
1249,待就业,未就业,0,未就业,,未就业,0
1250,待就业,未就业,0,未就业,,未就业,0
1251,待就业,未就业,0,未就业,,未就业,0
1252,待就业,未就业,0,未就业,,未就业,0
1253,待就业,未就业,0,未就业,,未就业,0
1254,待就业,未就业,0,未就业,,未就业,0
1255,待就业,未就业,0,未就业,,未就业,0
1256,待就业,未就业,0,未就业,,未就业,0
1257,待就业,未就业,0,未就业,,未就业,0
1258,待就业,未就业,0,未就业,,未就业,0
1259,待就业,未就业,0,未就业,,未就业,0
1260,待就业,未就业,0,未就业,,未就业,0
1261,待就业,未就业,0,未就业,,未就业,0
1262,待就业,未就业,0,未就业,,未就业,0
1263,待就业,未就业,0,未就业,,未就业,0
1264,待就业,未就业,0,未就业,,未就业,0
1265,待就业,未就业,0,未就业,,未就业,0
1266,待就业,未就业,0,未就业,,未就业,0
1267,待就业,未就业,0,未就业,,未就业,0
1268,待就业,未就业,0,未就业,,未就业,0
1269,待就业,未就业,0,未就业,,未就业,0
1270,待就业,未就业,0,未就业,,未就业,0
1271,待就业,未就业,0,未就业,,未就业,0
1272,待就业,未就业,0,未就业,,未就业,0
1273,待就业,未就业,0,未就业,,未就业,0
1274,待就业,未就业,0,未就业,,未就业,0
1275,待就业,未就业,0,未就业,,未就业,0
1276,待就业,未就业,0,未就业,,未就业,0
1277,待就业,未就业,0,未就业,,未就业,0
1278,待就业,未就业,0,未就业,,未就业,0
1279,待就业,未就业,0,未就业,,未就业,0
1280,待就业,未就业,0,未就业,,未就业,0
1281,待就业,未就业,0,未就业,,未就业,0
1282,待就业,未就业,0,未就业,,未就业,0
1283,待就业,未就业,0,未就业,,未就业,0
1284,待就业,未就业,0,未就业,,未就业,0
1285,待就业,未就业,0,未就业,,未就业,0
1286,待就业,未就业,0,未就业,,未就业,0
1287,待就业,未就业,0,未就业,,未就业,0
1288,待就业,未就业,0,未就业,,未就业,0
1289,待就业,未就业,0,未就业,,未就业,0
1290,待就业,未就业,0,未就业,,未就业,0
1291,待就业,未就业,0,未就业,,未就业,0
1292,待就业,未就业,0,未就业,,未就业,0
1293,待就业,未就业,0,未就业,,未就业,0
1294,待就业,未就业,0,未就业,,未就业,0
1295,待就业,未就业,0,未就业,,未就业,0
1296,待就业,未就业,0,未就业,,未就业,0
1297,待就业,未就业,0,未就业,,未就业,0
1298,待就业,未就业,0,未就业,,未就业,0
1299,待就业,未就业,0,未就业,,未就业,0
1300,待就业,未就业,0,未就业,,未就业,0
1301,待就业,未就业,0,未就业,,未就业,0
1302,待就业,未就业,0,未就业,,未就业,0
1303,待就业,未就业,0,未就业,,未就业,0
1304,待就业,未就业,0,未就业,,未就业,0
1305,待就业,未就业,0,未就业,,未就业,0
1306,待就业,未就业,0,未就业,,未就业,0
1307,待就业,未就业,0,未就业,,未就业,0
1308,待就业,未就业,0,未就业,,未就业,0
1309,待就业,未就业,0,未就业,,未就业,0
1310,待就业,未就业,0,未就业,,未就业,0
1311,待就业,未就业,0,未就业,,未就业,0
1312,待就业,未就业,0,未就业,,未就业,0
1313,待就业,未就业,0,未就业,,未就业,0
1314,待就业,未就业,0,未就业,,未就业,0
1315,待就业,未就业,0,未就业,,未就业,0
1316,待就业,未就业,0,未就业,,未就业,0
1317,待就业,未就业,0,未就业,,未就业,0
1318,待就业,未就业,0,未就业,,未就业,0
1319,待就业,未就业,0,未就业,,未就业,0
1320,待就业,未就业,0,未就业,,未就业,0
1321,待就业,未就业,0,未就业,,未就业,0
1322,待就业,未就业,0,未就业,,未就业,0
1323,待就业,未就业,0,未就业,,未就业,0
1324,待就业,未就业,0,未就业,,未就业,0
1325,待就业,未就业,0,未就业,,未就业,0
1326,待就业,未就业,0,未就业,,未就业,0
1327,待就业,未就业,0,未就业,,未就业,0
1328,待就业,未就业,0,未就业,,未就业,0
1329,待就业,未就业,0,未就业,,未就业,0
1330,待就业,未就业,0,未就业,,未就业,0
1331,待就业,未就业,0,未就业,,未就业,0
1332,待就业,未就业,0,未就业,,未就业,0
1333,待就业,未就业,0,未就业,,未就业,0
1334,待就业,未就业,0,未就业,,未就业,0
1335,待就业,未就业,0,未就业,,未就业,0
1336,待就业,未就业,0,未就业,,未就业,0
1337,待就业,未就业,0,未就业,,未就业,0
1338,待就业,未就业,0,未就业,,未就业,0
1339,待就业,未就业,0,未就业,,未就业,0
1340,待就业,未就业,0,未就业,,未就业,0
1341,待就业,未就业,0,未就业,,未就业,0
1342,待就业,未就业,0,未就业,,未就业,0
1343,待就业,未就业,0,未就业,,未就业,0
1344,待就业,未就业,0,未就业,,未就业,0
1345,待就业,未就业,0,未就业,,未就业,0
1346,待就业,未就业,0,未就业,,未就业,0
1347,待就业,未就业,0,未就业,,未就业,0
1348,待就业,未就业,0,未就业,,未就业,0
1349,待就业,未就业,0,未就业,,未就业,0
1350,待就业,未就业,0,未就业,,未就业,0
1351,待就业,未就业,0,未就业,,未就业,0
1352,待就业,未就业,0,未就业,,未就业,0
1353,待就业,未就业,0,未就业,,未就业,0
1354,待就业,未就业,0,未就业,,未就业,0
1355,待就业,未就业,0,未就业,,未就业,0
1356,待就业,未就业,0,未就业,,未就业,0
1357,待就业,未就业,0,未就业,,未就业,0
1358,待就业,未就业,0,未就业,,未就业,0
1359,待就业,未就业,0,未就业,,未就业,0
1360,待就业,未就业,0,未就业,,未就业,0
1361,待就业,未就业,0,未就业,,未就业,0
1362,待就业,未就业,0,未就业,,未就业,0
1363,待就业,未就业,0,未就业,,未就业,0
1364,待就业,未就业,0,未就业,,未就业,0
1365,待就业,未就业,0,未就业,,未就业,0
1366,待就业,未就业,0,未就业,,未就业,0
1367,待就业,未就业,0,未就业,,未就业,0
1368,待就业,未就业,0,未就业,,未就业,0
1369,待就业,未就业,0,未就业,,未就业,0
1370,待就业,未就业,0,未就业,,未就业,0
1371,待就业,未就业,0,未就业,,未就业,0
1372,待就业,未就业,0,未就业,,未就业,0
1373,待就业,未就业,0,未就业,,未就业,0
1374,待就业,未就业,0,未就业,,未就业,0
1375,待就业,未就业,0,未就业,,未就业,0
1376,待就业,未就业,0,未就业,,未就业,0
1377,待就业,未就业,0,未就业,,未就业,0
1378,待就业,未就业,0,未就业,,未就业,0
1379,待就业,未就业,0,未就业,,未就业,0
1380,待就业,未就业,0,未就业,,未就业,0
1381,待就业,未就业,0,未就业,,未就业,0
1382,待就业,未就业,0,未就业,,未就业,0
1383,待就业,未就业,0,未就业,,未就业,0
1384,待就业,未就业,0,未就业,,未就业,0
1385,待就业,未就业,0,未就业,,未就业,0
1386,待就业,未就业,0,未就业,,未就业,0
1387,待就业,未就业,0,未就业,,未就业,0
1388,待就业,未就业,0,未就业,,未就业,0
1389,待就业,未就业,0,未就业,,未就业,0
1390,待就业,未就业,0,未就业,,未就业,0
1391,待就业,未就业,0,未就业,,未就业,0
1392,待就业,未就业,0,未就业,,未就业,0
1393,待就业,未就业,0,未就业,,未就业,0
1394,待就业,未就业,0,未就业,,未就业,0
1395,待就业,未就业,0,未就业,,未就业,0
1396,待就业,未就业,0,未就业,,未就业,0
1397,待就业,未就业,0,未就业,,未就业,0
1398,待就业,未就业,0,未就业,,未就业,0
1399,待就业,未就业,0,未就业,,未就业,0
1400,待就业,未就业,0,未就业,,未就业,0
1401,待就业,未就业,0,未就业,,未就业,0
1402,待就业,未就业,0,未就业,,未就业,0
1403,待就业,未就业,0,未就业,,未就业,0
1404,待就业,未就业,0,未就业,,未就业,0
1405,待就业,未就业,0,未就业,,未就业,0
1406,待就业,未就业,0,未就业,,未就业,0
1407,待就业,未就业,0,未就业,,未就业,0
1408,待就业,未就业,0,未就业,,未就业,0
1409,待就业,未就业,0,未就业,,未就业,0
1410,待就业,未就业,0,未就业,,未就业,0
1411,待就业,未就业,0,未就业,,未就业,0
1412,待就业,未就业,0,未就业,,未就业,0
1413,待就业,未就业,0,未就业,,未就业,0
1414,待就业,未就业,0,未就业,,未就业,0
1415,待就业,未就业,0,未就业,,未就业,0
1416,待就业,未就业,0,未就业,,未就业,0
1417,待就业,未就业,0,未就业,,未就业,0
1418,待就业,未就业,0,未就业,,未就业,0
1419,待就业,未就业,0,未就业,,未就业,0
1420,待就业,未就业,0,未就业,,未就业,0
1421,待就业,未就业,0,未就业,,未就业,0
1422,待就业,未就业,0,未就业,,未就业,0
1423,待就业,未就业,0,未就业,,未就业,0
1424,待就业,未就业,0,未就业,,未就业,0
1425,待就业,未就业,0,未就业,,未就业,0
1426,待就业,未就业,0,未就业,,未就业,0
1427,待就业,未就业,0,未就业,,未就业,0
1428,待就业,未就业,0,未就业,,未就业,0
1429,待就业,未就业,0,未就业,,未就业,0
1430,待就业,未就业,0,未就业,,未就业,0
1431,待就业,未就业,0,未就业,,未就业,0
1432,待就业,未就业,0,未就业,,未就业,0
1433,待就业,未就业,0,未就业,,未就业,0
1434,待就业,未就业,0,未就业,,未就业,0
1435,待就业,未就业,0,未就业,,未就业,0
1436,待就业,未就业,0,未就业,,未就业,0
1437,待就业,未就业,0,未就业,,未就业,0
1438,待就业,未就业,0,未就业,,未就业,0
1439,待就业,未就业,0,未就业,,未就业,0
1440,待就业,未就业,0,未就业,,未就业,0
1441,待就业,未就业,0,未就业,,未就业,0
1442,待就业,未就业,0,未就业,,未就业,0
1443,待就业,未就业,0,未就业,,未就业,0
1444,待就业,未就业,0,未就业,,未就业,0
1445,待就业,未就业,0,未就业,,未就业,0
1446,待就业,未就业,0,未就业,,未就业,0
1447,待就业,未就业,0,未就业,,未就业,0
1448,待就业,未就业,0,未就业,,未就业,0
1449,待就业,未就业,0,未就业,,未就业,0
1450,待就业,未就业,0,未就业,,未就业,0
1451,待就业,未就业,0,未就业,,未就业,0
1452,待就业,未就业,0,未就业,,未就业,0
1453,待就业,未就业,0,未就业,,未就业,0
1454,待就业,未就业,0,未就业,,未就业,0
1455,待就业,未就业,0,未就业,,未就业,0
1456,待就业,未就业,0,未就业,,未就业,0
1457,待就业,未就业,0,未就业,,未就业,0
1458,待就业,未就业,0,未就业,,未就业,0
1459,待就业,未就业,0,未就业,,未就业,0
1460,待就业,未就业,0,未就业,,未就业,0
1461,待就业,未就业,0,未就业,,未就业,0
1462,待就业,未就业,0,未就业,,未就业,0
1463,待就业,未就业,0,未就业,,未就业,0
1464,待就业,未就业,0,未就业,,未就业,0
1465,待就业,未就业,0,未就业,,未就业,0
1466,待就业,未就业,0,未就业,,未就业,0
1467,待就业,未就业,0,未就业,,未就业,0
1468,待就业,未就业,0,未就业,,未就业,0
1469,待就业,未就业,0,未就业,,未就业,0
1470,待就业,未就业,0,未就业,,未就业,0
1471,待就业,未就业,0,未就业,,未就业,0
1472,待就业,未就业,0,未就业,,未就业,0
1473,待就业,未就业,0,未就业,,未就业,0
1474,待就业,未就业,0,未就业,,未就业,0
1475,待就业,未就业,0,未就业,,未就业,0
1476,待就业,未就业,0,未就业,,未就业,0
1477,待就业,未就业,0,未就业,,未就业,0
1478,待就业,未就业,0,未就业,,未就业,0
1479,待就业,未就业,0,未就业,,未就业,0
1480,待就业,未就业,0,未就业,,未就业,0
1481,待就业,未就业,0,未就业,,未就业,0
1482,待就业,未就业,0,未就业,,未就业,0
1483,待就业,未就业,0,未就业,,未就业,0
1484,待就业,未就业,0,未就业,,未就业,0
1485,待就业,未就业,0,未就业,,未就业,0
1486,待就业,未就业,0,未就业,,未就业,0
1487,待就业,未就业,0,未就业,,未就业,0
1488,待就业,未就业,0,未就业,,未就业,0
1489,待就业,未就业,0,未就业,,未就业,0
1490,待就业,未就业,0,未就业,,未就业,0
1491,待就业,未就业,0,未就业,,未就业,0
1492,待就业,未就业,0,未就业,,未就业,0
1493,待就业,未就业,0,未就业,,未就业,0
1494,待就业,未就业,0,未就业,,未就业,0
1495,待就业,未就业,0,未就业,,未就业,0
1496,待就业,未就业,0,未就业,,未就业,0
1497,待就业,未就业,0,未就业,,未就业,0
1498,待就业,未就业,0,未就业,,未就业,0
1499,待就业,未就业,0,未就业,,未就业,0
1500,待就业,未就业,0,未就业,,未就业,0
1501,待就业,未就业,0,未就业,,未就业,0
1502,待就业,未就业,0,未就业,,未就业,0
1503,待就业,未就业,0,未就业,,未就业,0
1504,待就业,未就业,0,未就业,,未就业,0
1505,待就业,未就业,0,未就业,,未就业,0
1506,待就业,未就业,0,未就业,,未就业,0
1507,待就业,未就业,0,未就业,,未就业,0
1508,待就业,未就业,0,未就业,,未就业,0
1509,待就业,未就业,0,未就业,,未就业,0
1510,待就业,未就业,0,未就业,,未就业,0
1511,待就业,未就业,0,未就业,,未就业,0
1512,待就业,未就业,0,未就业,,未就业,0
1513,待就业,未就业,0,未就业,,未就业,0
1514,待就业,未就业,0,未就业,,未就业,0
1515,待就业,未就业,0,未就业,,未就业,0
1516,待就业,未就业,0,未就业,,未就业,0
1517,待就业,未就业,0,未就业,,未就业,0
1518,待就业,未就业,0,未就业,,未就业,0
1519,待就业,未就业,0,未就业,,未就业,0
1520,待就业,未就业,0,未就业,,未就业,0
1521,待就业,未就业,0,未就业,,未就业,0
1522,待就业,未就业,0,未就业,,未就业,0
1523,待就业,未就业,0,未就业,,未就业,0
1524,待就业,未就业,0,未就业,,未就业,0
1525,待就业,未就业,0,未就业,,未就业,0
1526,待就业,未就业,0,未就业,,未就业,0
1527,待就业,未就业,0,未就业,,未就业,0
1528,待就业,未就业,0,未就业,,未就业,0
1529,待就业,未就业,0,未就业,,未就业,0
1530,待就业,未就业,0,未就业,,未就业,0
1531,待就业,未就业,0,未就业,,未就业,0
1532,待就业,未就业,0,未就业,,未就业,0
1533,待就业,未就业,0,未就业,,未就业,0
1534,待就业,未就业,0,未就业,,未就业,0
1535,待就业,未就业,0,未就业,,未就业,0
1536,待就业,未就业,0,未就业,,未就业,0
1537,待就业,未就业,0,未就业,,未就业,0
1538,待就业,未就业,0,未就业,,未就业,0
1539,待就业,未就业,0,未就业,,未就业,0
1540,待就业,未就业,0,未就业,,未就业,0
1541,待就业,未就业,0,未就业,,未就业,0
1542,待就业,未就业,0,未就业,,未就业,0
1543,待就业,未就业,0,未就业,,未就业,0
1544,待就业,未就业,0,未就业,,未就业,0
1545,待就业,未就业,0,未就业,,未就业,0
1546,待就业,未就业,0,未就业,,未就业,0
1547,待就业,未就业,0,未就业,,未就业,0
1548,待就业,未就业,0,未就业,,未就业,0
1549,待就业,未就业,0,未就业,,未就业,0
1550,待就业,未就业,0,未就业,,未就业,0
1551,待就业,未就业,0,未就业,,未就业,0
1552,待就业,未就业,0,未就业,,未就业,0
1553,待就业,未就业,0,未就业,,未就业,0
1554,待就业,未就业,0,未就业,,未就业,0
1555,待就业,未就业,0,未就业,,未就业,0
1556,待就业,未就业,0,未就业,,未就业,0
1557,待就业,未就业,0,未就业,,未就业,0
1558,待就业,未就业,0,未就业,,未就业,0
1559,待就业,未就业,0,未就业,,未就业,0
1560,待就业,未就业,0,未就业,,未就业,0
1561,待就业,未就业,0,未就业,,未就业,0
1562,待就业,未就业,0,未就业,,未就业,0
1563,待就业,未就业,0,未就业,,未就业,0
1564,待就业,未就业,0,未就业,,未就业,0
1565,待就业,未就业,0,未就业,,未就业,0
1566,待就业,未就业,0,未就业,,未就业,0
1567,待就业,未就业,0,未就业,,未就业,0
1568,待就业,未就业,0,未就业,,未就业,0
1569,待就业,未就业,0,未就业,,未就业,0
1570,待就业,未就业,0,未就业,,未就业,0
1571,待就业,未就业,0,未就业,,未就业,0
1572,待就业,未就业,0,未就业,,未就业,0
1573,待就业,未就业,0,未就业,,未就业,0
1574,待就业,未就业,0,未就业,,未就业,0
1575,待就业,未就业,0,未就业,,未就业,0
1576,待就业,未就业,0,未就业,,未就业,0
1577,待就业,未就业,0,未就业,,未就业,0
1578,待就业,未就业,0,未就业,,未就业,0
1579,待就业,未就业,0,未就业,,未就业,0
1580,待就业,未就业,0,未就业,,未就业,0
1581,待就业,未就业,0,未就业,,未就业,0
1582,待就业,未就业,0,未就业,,未就业,0
1583,待就业,未就业,0,未就业,,未就业,0
1584,待就业,未就业,0,未就业,,未就业,0
1585,待就业,未就业,0,未就业,,未就业,0
1586,待就业,未就业,0,未就业,,未就业,0
1587,待就业,未就业,0,未就业,,未就业,0
1588,待就业,未就业,0,未就业,,未就业,0
1589,待就业,未就业,0,未就业,,未就业,0
1590,待就业,未就业,0,未就业,,未就业,0
1591,待就业,未就业,0,未就业,,未就业,0
1592,待就业,未就业,0,未就业,,未就业,0
1593,待就业,未就业,0,未就业,,未就业,0
1594,待就业,未就业,0,未就业,,未就业,0
1595,待就业,未就业,0,未就业,,未就业,0
1596,待就业,未就业,0,未就业,,未就业,0
1597,待就业,未就业,0,未就业,,未就业,0
1598,待就业,未就业,0,未就业,,未就业,0
1599,待就业,未就业,0,未就业,,未就业,0
1600,待就业,未就业,0,未就业,,未就业,0
1601,待就业,未就业,0,未就业,,未就业,0
1602,待就业,未就业,0,未就业,,未就业,0
1603,待就业,未就业,0,未就业,,未就业,0
1604,待就业,未就业,0,未就业,,未就业,0
1605,待就业,未就业,0,未就业,,未就业,0
1606,待就业,未就业,0,未就业,,未就业,0
1607,待就业,未就业,0,未就业,,未就业,0
1608,待就业,未就业,0,未就业,,未就业,0
1609,待就业,未就业,0,未就业,,未就业,0
1610,待就业,未就业,0,未就业,,未就业,0
1611,待就业,未就业,0,未就业,,未就业,0
1612,待就业,未就业,0,未就业,,未就业,0
1613,待就业,未就业,0,未就业,,未就业,0
1614,待就业,未就业,0,未就业,,未就业,0
1615,待就业,未就业,0,未就业,,未就业,0
1616,待就业,未就业,0,未就业,,未就业,0
1617,待就业,未就业,0,未就业,,未就业,0
1618,待就业,未就业,0,未就业,,未就业,0
1619,待就业,未就业,0,未就业,,未就业,0
1620,待就业,未就业,0,未就业,,未就业,0
1621,待就业,未就业,0,未就业,,未就业,0
1622,待就业,未就业,0,未就业,,未就业,0
1623,待就业,未就业,0,未就业,,未就业,0
1624,待就业,未就业,0,未就业,,未就业,0
1625,待就业,未就业,0,未就业,,未就业,0
1626,待就业,未就业,0,未就业,,未就业,0
1627,待就业,未就业,0,未就业,,未就业,0
1628,待就业,未就业,0,未就业,,未就业,0
1629,待就业,未就业,0,未就业,,未就业,0
1630,待就业,未就业,0,未就业,,未就业,0
1631,待就业,未就业,0,未就业,,未就业,0
1632,待就业,未就业,0,未就业,,未就业,0
1633,待就业,未就业,0,未就业,,未就业,0
1634,待就业,未就业,0,未就业,,未就业,0
1635,待就业,未就业,0,未就业,,未就业,0
1636,待就业,未就业,0,未就业,,未就业,0
1637,待就业,未就业,0,未就业,,未就业,0
1638,待就业,未就业,0,未就业,,未就业,0
1639,待就业,未就业,0,未就业,,未就业,0
1640,待就业,未就业,0,未就业,,未就业,0
1641,待就业,未就业,0,未就业,,未就业,0
1642,待就业,未就业,0,未就业,,未就业,0
1643,待就业,未就业,0,未就业,,未就业,0
1644,待就业,未就业,0,未就业,,未就业,0
1645,待就业,未就业,0,未就业,,未就业,0
1646,待就业,未就业,0,未就业,,未就业,0
1647,待就业,未就业,0,未就业,,未就业,0
1648,待就业,未就业,0,未就业,,未就业,0
1649,待就业,未就业,0,未就业,,未就业,0
1650,待就业,未就业,0,未就业,,未就业,0
1651,待就业,未就业,0,未就业,,未就业,0
1652,待就业,未就业,0,未就业,,未就业,0
1653,待就业,未就业,0,未就业,,未就业,0
1654,待就业,未就业,0,未就业,,未就业,0
1655,待就业,未就业,0,未就业,,未就业,0
1656,待就业,未就业,0,未就业,,未就业,0
1657,待就业,未就业,0,未就业,,未就业,0
1658,待就业,未就业,0,未就业,,未就业,0
1659,待就业,未就业,0,未就业,,未就业,0
1660,待就业,未就业,0,未就业,,未就业,0
1661,待就业,未就业,0,未就业,,未就业,0
1662,待就业,未就业,0,未就业,,未就业,0
1663,待就业,未就业,0,未就业,,未就业,0
1664,待就业,未就业,0,未就业,,未就业,0
1665,待就业,未就业,0,未就业,,未就业,0
1666,待就业,未就业,0,未就业,,未就业,0
1667,待就业,未就业,0,未就业,,未就业,0
1668,待就业,未就业,0,未就业,,未就业,0
1669,待就业,未就业,0,未就业,,未就业,0
1670,待就业,未就业,0,未就业,,未就业,0
1671,待就业,未就业,0,未就业,,未就业,0
1672,待就业,未就业,0,未就业,,未就业,0
1673,待就业,未就业,0,未就业,,未就业,0
1674,待就业,未就业,0,未就业,,未就业,0
1675,待就业,未就业,0,未就业,,未就业,0
1676,待就业,未就业,0,未就业,,未就业,0
1677,待就业,未就业,0,未就业,,未就业,0
1678,待就业,未就业,0,未就业,,未就业,0
1679,待就业,未就业,0,未就业,,未就业,0
1680,待就业,未就业,0,未就业,,未就业,0
1681,待就业,未就业,0,未就业,,未就业,0
1682,待就业,未就业,0,未就业,,未就业,0
1683,待就业,未就业,0,未就业,,未就业,0
1684,待就业,未就业,0,未就业,,未就业,0
1685,待就业,未就业,0,未就业,,未就业,0
1686,待就业,未就业,0,未就业,,未就业,0
1687,待就业,未就业,0,未就业,,未就业,0
1688,待就业,未就业,0,未就业,,未就业,0
1689,待就业,未就业,0,未就业,,未就业,0
1690,待就业,未就业,0,未就业,,未就业,0
1691,待就业,未就业,0,未就业,,未就业,0
1692,待就业,未就业,0,未就业,,未就业,0
1693,待就业,未就业,0,未就业,,未就业,0
1694,待就业,未就业,0,未就业,,未就业,0
1695,待就业,未就业,0,未就业,,未就业,0
1696,待就业,未就业,0,未就业,,未就业,0
1697,待就业,未就业,0,未就业,,未就业,0
1698,待就业,未就业,0,未就业,,未就业,0
1699,待就业,未就业,0,未就业,,未就业,0
1700,待就业,未就业,0,未就业,,未就业,0
1701,待就业,未就业,0,未就业,,未就业,0
1702,待就业,未就业,0,未就业,,未就业,0
1703,待就业,未就业,0,未就业,,未就业,0
1704,待就业,未就业,0,未就业,,未就业,0
1705,待就业,未就业,0,未就业,,未就业,0
1706,待就业,未就业,0,未就业,,未就业,0
1707,待就业,未就业,0,未就业,,未就业,0
1708,待就业,未就业,0,未就业,,未就业,0
1709,待就业,未就业,0,未就业,,未就业,0
1710,待就业,未就业,0,未就业,,未就业,0
1711,待就业,未就业,0,未就业,,未就业,0
1712,待就业,未就业,0,未就业,,未就业,0
1713,待就业,未就业,0,未就业,,未就业,0
1714,待就业,未就业,0,未就业,,未就业,0
1715,待就业,未就业,0,未就业,,未就业,0
1716,待就业,未就业,0,未就业,,未就业,0
1717,待就业,未就业,0,未就业,,未就业,0
1718,待就业,未就业,0,未就业,,未就业,0
1719,待就业,未就业,0,未就业,,未就业,0
1720,待就业,未就业,0,未就业,,未就业,0
1721,待就业,未就业,0,未就业,,未就业,0
1722,待就业,未就业,0,未就业,,未就业,0
1723,待就业,未就业,0,未就业,,未就业,0
1724,待就业,未就业,0,未就业,,未就业,0
1725,待就业,未就业,0,未就业,,未就业,0
1726,待就业,未就业,0,未就业,,未就业,0
1727,待就业,未就业,0,未就业,,未就业,0
1728,待就业,未就业,0,未就业,,未就业,0
1729,待就业,未就业,0,未就业,,未就业,0
1730,待就业,未就业,0,未就业,,未就业,0
1731,待就业,未就业,0,未就业,,未就业,0
1732,待就业,未就业,0,未就业,,未就业,0
1733,待就业,未就业,0,未就业,,未就业,0
1734,待就业,未就业,0,未就业,,未就业,0
1735,待就业,未就业,0,未就业,,未就业,0
1736,待就业,未就业,0,未就业,,未就业,0
1737,待就业,未就业,0,未就业,,未就业,0
1738,待就业,未就业,0,未就业,,未就业,0
1739,待就业,未就业,0,未就业,,未就业,0
1740,待就业,未就业,0,未就业,,未就业,0
1741,待就业,未就业,0,未就业,,未就业,0
1742,待就业,未就业,0,未就业,,未就业,0
1743,待就业,未就业,0,未就业,,未就业,0
1744,待就业,未就业,0,未就业,,未就业,0
1745,待就业,未就业,0,未就业,,未就业,0
1746,待就业,未就业,0,未就业,,未就业,0
1747,待就业,未就业,0,未就业,,未就业,0
1748,待就业,未就业,0,未就业,,未就业,0
1749,待就业,未就业,0,未就业,,未就业,0
1750,待就业,未就业,0,未就业,,未就业,0
1751,待就业,未就业,0,未就业,,未就业,0
1752,待就业,未就业,0,未就业,,未就业,0
1753,待就业,未就业,0,未就业,,未就业,0
1754,待就业,未就业,0,未就业,,未就业,0
1755,待就业,未就业,0,未就业,,未就业,0
1756,待就业,未就业,0,未就业,,未就业,0
1757,待就业,未就业,0,未就业,,未就业,0
1758,待就业,未就业,0,未就业,,未就业,0
1759,待就业,未就业,0,未就业,,未就业,0
1760,待就业,未就业,0,未就业,,未就业,0
1761,待就业,未就业,0,未就业,,未就业,0
1762,待就业,未就业,0,未就业,,未就业,0
1763,待就业,未就业,0,未就业,,未就业,0
1764,待就业,未就业,0,未就业,,未就业,0
1765,待就业,未就业,0,未就业,,未就业,0
1766,待就业,未就业,0,未就业,,未就业,0
1767,待就业,未就业,0,未就业,,未就业,0
1768,待就业,未就业,0,未就业,,未就业,0
1769,待就业,未就业,0,未就业,,未就业,0
1770,待就业,未就业,0,未就业,,未就业,0
1771,待就业,未就业,0,未就业,,未就业,0
1772,待就业,未就业,0,未就业,,未就业,0
1773,待就业,未就业,0,未就业,,未就业,0
1774,待就业,未就业,0,未就业,,未就业,0
1775,待就业,未就业,0,未就业,,未就业,0
1776,待就业,未就业,0,未就业,,未就业,0
1777,待就业,未就业,0,未就业,,未就业,0
1778,待就业,未就业,0,未就业,,未就业,0
1779,待就业,未就业,0,未就业,,未就业,0
1780,待就业,未就业,0,未就业,,未就业,0
1781,待就业,未就业,0,未就业,,未就业,0
1782,待就业,未就业,0,未就业,,未就业,0
1783,待就业,未就业,0,未就业,,未就业,0
1784,待就业,未就业,0,未就业,,未就业,0
1785,待就业,未就业,0,未就业,,未就业,0
1786,待就业,未就业,0,未就业,,未就业,0
1787,待就业,未就业,0,未就业,,未就业,0
1788,待就业,未就业,0,未就业,,未就业,0
1789,待就业,未就业,0,未就业,,未就业,0
1790,待就业,未就业,0,未就业,,未就业,0
1791,待就业,未就业,0,未就业,,未就业,0
1792,待就业,未就业,0,未就业,,未就业,0
1793,待就业,未就业,0,未就业,,未就业,0
1794,待就业,未就业,0,未就业,,未就业,0
1795,待就业,未就业,0,未就业,,未就业,0
1796,待就业,未就业,0,未就业,,未就业,0
1797,待就业,未就业,0,未就业,,未就业,0
1798,待就业,未就业,0,未就业,,未就业,0
1799,待就业,未就业,0,未就业,,未就业,0
1800,待就业,未就业,0,未就业,,未就业,0
1801,待就业,未就业,0,未就业,,未就业,0
1802,待就业,未就业,0,未就业,,未就业,0
1803,待就业,未就业,0,未就业,,未就业,0
1804,待就业,未就业,0,未就业,,未就业,0
1805,待就业,未就业,0,未就业,,未就业,0
1806,待就业,未就业,0,未就业,,未就业,0
1807,待就业,未就业,0,未就业,,未就业,0
1808,待就业,未就业,0,未就业,,未就业,0
1809,待就业,未就业,0,未就业,,未就业,0
1810,待就业,未就业,0,未就业,,未就业,0
1811,待就业,未就业,0,未就业,,未就业,0
1812,待就业,未就业,0,未就业,,未就业,0
1813,待就业,未就业,0,未就业,,未就业,0
1814,待就业,未就业,0,未就业,,未就业,0
1815,待就业,未就业,0,未就业,,未就业,0
1816,待就业,未就业,0,未就业,,未就业,0
1817,待就业,未就业,0,未就业,,未就业,0
1818,待就业,未就业,0,未就业,,未就业,0
1819,待就业,未就业,0,未就业,,未就业,0
1820,待就业,未就业,0,未就业,,未就业,0
1821,待就业,未就业,0,未就业,,未就业,0
1822,待就业,未就业,0,未就业,,未就业,0
1823,待就业,未就业,0,未就业,,未就业,0
1824,待就业,未就业,0,未就业,,未就业,0
1825,待就业,未就业,0,未就业,,未就业,0
1826,待就业,未就业,0,未就业,,未就业,0
1827,待就业,未就业,0,未就业,,未就业,0
1828,待就业,未就业,0,未就业,,未就业,0
1829,待就业,未就业,0,未就业,,未就业,0
1830,待就业,未就业,0,未就业,,未就业,0
1831,待就业,未就业,0,未就业,,未就业,0
1832,待就业,未就业,0,未就业,,未就业,0
1833,待就业,未就业,0,未就业,,未就业,0
1834,待就业,未就业,0,未就业,,未就业,0
1835,待就业,未就业,0,未就业,,未就业,0
1836,待就业,未就业,0,未就业,,未就业,0
1837,待就业,未就业,0,未就业,,未就业,0
1838,待就业,未就业,0,未就业,,未就业,0
1839,待就业,未就业,0,未就业,,未就业,0
1840,待就业,未就业,0,未就业,,未就业,0
1841,待就业,未就业,0,未就业,,未就业,0
1842,待就业,未就业,0,未就业,,未就业,0
1843,待就业,未就业,0,未就业,,未就业,0
1844,待就业,未就业,0,未就业,,未就业,0
1845,待就业,未就业,0,未就业,,未就业,0
1846,待就业,未就业,0,未就业,,未就业,0
1847,待就业,未就业,0,未就业,,未就业,0
1848,待就业,未就业,0,未就业,,未就业,0
1849,待就业,未就业,0,未就业,,未就业,0
1850,待就业,未就业,0,未就业,,未就业,0
1851,待就业,未就业,0,未就业,,未就业,0
1852,待就业,未就业,0,未就业,,未就业,0
1853,待就业,未就业,0,未就业,,未就业,0
1854,待就业,未就业,0,未就业,,未就业,0
1855,待就业,未就业,0,未就业,,未就业,0
1856,待就业,未就业,0,未就业,,未就业,0
1857,待就业,未就业,0,未就业,,未就业,0
1858,待就业,未就业,0,未就业,,未就业,0
1859,待就业,未就业,0,未就业,,未就业,0
1860,待就业,未就业,0,未就业,,未就业,0
1861,待就业,未就业,0,未就业,,未就业,0
1862,待就业,未就业,0,未就业,,未就业,0
1863,待就业,未就业,0,未就业,,未就业,0
1864,待就业,未就业,0,未就业,,未就业,0
1865,待就业,未就业,0,未就业,,未就业,0
1866,待就业,未就业,0,未就业,,未就业,0
1867,待就业,未就业,0,未就业,,未就业,0
1868,待就业,未就业,0,未就业,,未就业,0
1869,待就业,未就业,0,未就业,,未就业,0
1870,待就业,未就业,0,未就业,,未就业,0
1871,待就业,未就业,0,未就业,,未就业,0
1872,待就业,未就业,0,未就业,,未就业,0
1873,待就业,未就业,0,未就业,,未就业,0
1874,待就业,未就业,0,未就业,,未就业,0
1875,待就业,未就业,0,未就业,,未就业,0
1876,待就业,未就业,0,未就业,,未就业,0
1877,待就业,未就业,0,未就业,,未就业,0
1878,待就业,未就业,0,未就业,,未就业,0
1879,待就业,未就业,0,未就业,,未就业,0
1880,待就业,未就业,0,未就业,,未就业,0
1881,待就业,未就业,0,未就业,,未就业,0
1882,待就业,未就业,0,未就业,,未就业,0
1883,待就业,未就业,0,未就业,,未就业,0
1884,待就业,未就业,0,未就业,,未就业,0
1885,待就业,未就业,0,未就业,,未就业,0
1886,待就业,未就业,0,未就业,,未就业,0
1887,待就业,未就业,0,未就业,,未就业,0
1888,待就业,未就业,0,未就业,,未就业,0
1889,待就业,未就业,0,未就业,,未就业,0
1890,待就业,未就业,0,未就业,,未就业,0
1891,待就业,未就业,0,未就业,,未就业,0
1892,待就业,未就业,0,未就业,,未就业,0
1893,待就业,未就业,0,未就业,,未就业,0
1894,待就业,未就业,0,未就业,,未就业,0
1895,待就业,未就业,0,未就业,,未就业,0
1896,待就业,未就业,0,未就业,,未就业,0
1897,待就业,未就业,0,未就业,,未就业,0
1898,待就业,未就业,0,未就业,,未就业,0
1899,待就业,未就业,0,未就业,,未就业,0
1900,待就业,未就业,0,未就业,,未就业,0
1901,待就业,未就业,0,未就业,,未就业,0
1902,待就业,未就业,0,未就业,,未就业,0
1903,待就业,未就业,0,未就业,,未就业,0
1904,待就业,未就业,0,未就业,,未就业,0
1905,待就业,未就业,0,未就业,,未就业,0
1906,待就业,未就业,0,未就业,,未就业,0
1907,待就业,未就业,0,未就业,,未就业,0
1908,待就业,未就业,0,未就业,,未就业,0
1909,待就业,未就业,0,未就业,,未就业,0
1910,待就业,未就业,0,未就业,,未就业,0
1911,待就业,未就业,0,未就业,,未就业,0
1912,待就业,未就业,0,未就业,,未就业,0
1913,待就业,未就业,0,未就业,,未就业,0
1914,待就业,未就业,0,未就业,,未就业,0
1915,待就业,未就业,0,未就业,,未就业,0
1916,待就业,未就业,0,未就业,,未就业,0
1917,待就业,未就业,0,未就业,,未就业,0
1918,待就业,未就业,0,未就业,,未就业,0
1919,待就业,未就业,0,未就业,,未就业,0
1920,待就业,未就业,0,未就业,,未就业,0
1921,待就业,未就业,0,未就业,,未就业,0
1922,待就业,未就业,0,未就业,,未就业,0
1923,待就业,未就业,0,未就业,,未就业,0
1924,待就业,未就业,0,未就业,,未就业,0
1925,待就业,未就业,0,未就业,,未就业,0
1926,待就业,未就业,0,未就业,,未就业,0
1927,待就业,未就业,0,未就业,,未就业,0
1928,待就业,未就业,0,未就业,,未就业,0
1929,待就业,未就业,0,未就业,,未就业,0
1930,待就业,未就业,0,未就业,,未就业,0
1931,待就业,未就业,0,未就业,,未就业,0
1932,待就业,未就业,0,未就业,,未就业,0
1933,待就业,未就业,0,未就业,,未就业,0
1934,待就业,未就业,0,未就业,,未就业,0
1935,待就业,未就业,0,未就业,,未就业,0
1936,待就业,未就业,0,未就业,,未就业,0
1937,待就业,未就业,0,未就业,,未就业,0
1938,待就业,未就业,0,未就业,,未就业,0
1939,待就业,未就业,0,未就业,,未就业,0
1940,待就业,未就业,0,未就业,,未就业,0
1941,待就业,未就业,0,未就业,,未就业,0
1942,待就业,未就业,0,未就业,,未就业,0
1943,待就业,未就业,0,未就业,,未就业,0
1944,待就业,未就业,0,未就业,,未就业,0
1945,待就业,未就业,0,未就业,,未就业,0
1946,待就业,未就业,0,未就业,,未就业,0
1947,待就业,未就业,0,未就业,,未就业,0
1948,待就业,未就业,0,未就业,,未就业,0
1949,待就业,未就业,0,未就业,,未就业,0
1950,待就业,未就业,0,未就业,,未就业,0
1951,待就业,未就业,0,未就业,,未就业,0
1952,待就业,未就业,0,未就业,,未就业,0
1953,待就业,未就业,0,未就业,,未就业,0
1954,待就业,未就业,0,未就业,,未就业,0
1955,待就业,未就业,0,未就业,,未就业,0
1956,待就业,未就业,0,未就业,,未就业,0
1957,待就业,未就业,0,未就业,,未就业,0
1958,待就业,未就业,0,未就业,,未就业,0
1959,待就业,未就业,0,未就业,,未就业,0
1960,待就业,未就业,0,未就业,,未就业,0
1961,待就业,未就业,0,未就业,,未就业,0
1962,待就业,未就业,0,未就业,,未就业,0
1963,待就业,未就业,0,未就业,,未就业,0
1964,待就业,未就业,0,未就业,,未就业,0
1965,待就业,未就业,0,未就业,,未就业,0
1966,待就业,未就业,0,未就业,,未就业,0
1967,待就业,未就业,0,未就业,,未就业,0
1968,待就业,未就业,0,未就业,,未就业,0
1969,待就业,未就业,0,未就业,,未就业,0
1970,待就业,未就业,0,未就业,,未就业,0
1971,待就业,未就业,0,未就业,,未就业,0
1972,待就业,未就业,0,未就业,,未就业,0
1973,待就业,未就业,0,未就业,,未就业,0
1974,待就业,未就业,0,未就业,,未就业,0
1975,待就业,未就业,0,未就业,,未就业,0
1976,待就业,未就业,0,未就业,,未就业,0
1977,待就业,未就业,0,未就业,,未就业,0
1978,待就业,未就业,0,未就业,,未就业,0
1979,待就业,未就业,0,未就业,,未就业,0
1980,待就业,未就业,0,未就业,,未就业,0
1981,待就业,未就业,0,未就业,,未就业,0
1982,待就业,未就业,0,未就业,,未就业,0
1983,待就业,未就业,0,未就业,,未就业,0
1984,待就业,未就业,0,未就业,,未就业,0
1985,待就业,未就业,0,未就业,,未就业,0
1986,待就业,未就业,0,未就业,,未就业,0
1987,待就业,未就业,0,未就业,,未就业,0
1988,待就业,未就业,0,未就业,,未就业,0
1989,待就业,未就业,0,未就业,,未就业,0
1990,待就业,未就业,0,未就业,,未就业,0
1991,待就业,未就业,0,未就业,,未就业,0
1992,待就业,未就业,0,未就业,,未就业,0
1993,待就业,未就业,0,未就业,,未就业,0
1994,待就业,未就业,0,未就业,,未就业,0
1995,待就业,未就业,0,未就业,,未就业,0
1996,待就业,未就业,0,未就业,,未就业,0
1997,待就业,未就业,0,未就业,,未就业,0
1998,待就业,未就业,0,未就业,,未就业,0
1999,待就业,未就业,0,未就业,,未就业,0
2000,待就业,未就业,0,未就业,,未就业,0
2001,待就业,未就业,0,未就业,,未就业,0
2002,待就业,未就业,0,未就业,,未就业,0
2003,待就业,未就业,0,未就业,,未就业,0
2004,待就业,未就业,0,未就业,,未就业,0
2005,待就业,未就业,0,未就业,,未就业,0
2006,待就业,未就业,0,未就业,,未就业,0
2007,待就业,未就业,0,未就业,,未就业,0
2008,待就业,未就业,0,未就业,,未就业,0
2009,待就业,未就业,0,未就业,,未就业,0
2010,待就业,未就业,0,未就业,,未就业,0
2011,待就业,未就业,0,未就业,,未就业,0
2012,待就业,未就业,0,未就业,,未就业,0
2013,待就业,未就业,0,未就业,,未就业,0
2014,待就业,未就业,0,未就业,,未就业,0
2015,待就业,未就业,0,未就业,,未就业,0
2016,待就业,未就业,0,未就业,,未就业,0
2017,待就业,未就业,0,未就业,,未就业,0
2018,待就业,未就业,0,未就业,,未就业,0
2019,待就业,未就业,0,未就业,,未就业,0
2020,待就业,未就业,0,未就业,,未就业,0
2021,待就业,未就业,0,未就业,,未就业,0
2022,待就业,未就业,0,未就业,,未就业,0
2023,待就业,未就业,0,未就业,,未就业,0
2024,待就业,未就业,0,未就业,,未就业,0
2025,待就业,未就业,0,未就业,,未就业,0
2026,待就业,未就业,0,未就业,,未就业,0
2027,待就业,未就业,0,未就业,,未就业,0
2028,待就业,未就业,0,未就业,,未就业,0
2029,待就业,未就业,0,未就业,,未就业,0
2030,待就业,未就业,0,未就业,,未就业,0
2031,待就业,未就业,0,未就业,,未就业,0
2032,待就业,未就业,0,未就业,,未就业,0
2033,待就业,未就业,0,未就业,,未就业,0
2034,待就业,未就业,0,未就业,,未就业,0
2035,待就业,未就业,0,未就业,,未就业,0
2036,待就业,未就业,0,未就业,,未就业,0
2037,待就业,未就业,0,未就业,,未就业,0
2038,待就业,未就业,0,未就业,,未就业,0
2039,待就业,未就业,0,未就业,,未就业,0
2040,待就业,未就业,0,未就业,,未就业,0
2041,待就业,未就业,0,未就业,,未就业,0
2042,待就业,未就业,0,未就业,,未就业,0
2043,待就业,未就业,0,未就业,,未就业,0
2044,待就业,未就业,0,未就业,,未就业,0
2045,待就业,未就业,0,未就业,,未就业,0
2046,待就业,未就业,0,未就业,,未就业,0
2047,待就业,未就业,0,未就业,,未就业,0
2048,待就业,未就业,0,未就业,,未就业,0
2049,待就业,未就业,0,未就业,,未就业,0
2050,待就业,未就业,0,未就业,,未就业,0
2051,待就业,未就业,0,未就业,,未就业,0
2052,待就业,未就业,0,未就业,,未就业,0
2053,待就业,未就业,0,未就业,,未就业,0
2054,待就业,未就业,0,未就业,,未就业,0
2055,待就业,未就业,0,未就业,,未就业,0
2056,待就业,未就业,0,未就业,,未就业,0
2057,待就业,未就业,0,未就业,,未就业,0
2058,待就业,未就业,0,未就业,,未就业,0
2059,待就业,未就业,0,未就业,,未就业,0
2060,待就业,未就业,0,未就业,,未就业,0
2061,待就业,未就业,0,未就业,,未就业,0
2062,待就业,未就业,0,未就业,,未就业,0
2063,待就业,未就业,0,未就业,,未就业,0
2064,待就业,未就业,0,未就业,,未就业,0
2065,待就业,未就业,0,未就业,,未就业,0
2066,待就业,未就业,0,未就业,,未就业,0
2067,待就业,未就业,0,未就业,,未就业,0
2068,待就业,未就业,0,未就业,,未就业,0
2069,待就业,未就业,0,未就业,,未就业,0
2070,待就业,未就业,0,未就业,,未就业,0
2071,待就业,未就业,0,未就业,,未就业,0
2072,待就业,未就业,0,未就业,,未就业,0
2073,待就业,未就业,0,未就业,,未就业,0
2074,待就业,未就业,0,未就业,,未就业,0
2075,待就业,未就业,0,未就业,,未就业,0
2076,待就业,未就业,0,未就业,,未就业,0
2077,待就业,未就业,0,未就业,,未就业,0
2078,待就业,未就业,0,未就业,,未就业,0
2079,待就业,未就业,0,未就业,,未就业,0
2080,待就业,未就业,0,未就业,,未就业,0
2081,待就业,未就业,0,未就业,,未就业,0
2082,待就业,未就业,0,未就业,,未就业,0
2083,待就业,未就业,0,未就业,,未就业,0
2084,待就业,未就业,0,未就业,,未就业,0
2085,待就业,未就业,0,未就业,,未就业,0
2086,待就业,未就业,0,未就业,,未就业,0
2087,待就业,未就业,0,未就业,,未就业,0
2088,待就业,未就业,0,未就业,,未就业,0
2089,待就业,未就业,0,未就业,,未就业,0
2090,待就业,未就业,0,未就业,,未就业,0
2091,待就业,未就业,0,未就业,,未就业,0
2092,待就业,未就业,0,未就业,,未就业,0
2093,待就业,未就业,0,未就业,,未就业,0
2094,待就业,未就业,0,未就业,,未就业,0
2095,待就业,未就业,0,未就业,,未就业,0
2096,待就业,未就业,0,未就业,,未就业,0
2097,待就业,未就业,0,未就业,,未就业,0
2098,待就业,未就业,0,未就业,,未就业,0
2099,待就业,未就业,0,未就业,,未就业,0
2100,待就业,未就业,0,未就业,,未就业,0
2101,待就业,未就业,0,未就业,,未就业,0
2102,待就业,未就业,0,未就业,,未就业,0
2103,待就业,未就业,0,未就业,,未就业,0
2104,待就业,未就业,0,未就业,,未就业,0
2105,待就业,未就业,0,未就业,,未就业,0
2106,待就业,未就业,0,未就业,,未就业,0
2107,待就业,未就业,0,未就业,,未就业,0
2108,待就业,未就业,0,未就业,,未就业,0
2109,待就业,未就业,0,未就业,,未就业,0
2110,待就业,未就业,0,未就业,,未就业,0
2111,待就业,未就业,0,未就业,,未就业,0
2112,待就业,未就业,0,未就业,,未就业,0
2113,待就业,未就业,0,未就业,,未就业,0
2114,待就业,未就业,0,未就业,,未就业,0
2115,待就业,未就业,0,未就业,,未就业,0
2116,待就业,未就业,0,未就业,,未就业,0
2117,待就业,未就业,0,未就业,,未就业,0
2118,待就业,未就业,0,未就业,,未就业,0
2119,待就业,未就业,0,未就业,,未就业,0
2120,待就业,未就业,0,未就业,,未就业,0
2121,待就业,未就业,0,未就业,,未就业,0
2122,待就业,未就业,0,未就业,,未就业,0
2123,待就业,未就业,0,未就业,,未就业,0
2124,待就业,未就业,0,未就业,,未就业,0
2125,待就业,未就业,0,未就业,,未就业,0
2126,待就业,未就业,0,未就业,,未就业,0
2127,待就业,未就业,0,未就业,,未就业,0
2128,待就业,未就业,0,未就业,,未就业,0
2129,待就业,未就业,0,未就业,,未就业,0
2130,待就业,未就业,0,未就业,,未就业,0
2131,待就业,未就业,0,未就业,,未就业,0
2132,待就业,未就业,0,未就业,,未就业,0
2133,待就业,未就业,0,未就业,,未就业,0
2134,待就业,未就业,0,未就业,,未就业,0
2135,待就业,未就业,0,未就业,,未就业,0
2136,待就业,未就业,0,未就业,,未就业,0
2137,待就业,未就业,0,未就业,,未就业,0
2138,待就业,未就业,0,未就业,,未就业,0
2139,待就业,未就业,0,未就业,,未就业,0
2140,待就业,未就业,0,未就业,,未就业,0
2141,待就业,未就业,0,未就业,,未就业,0
2142,待就业,未就业,0,未就业,,未就业,0
2143,待就业,未就业,0,未就业,,未就业,0
2144,待就业,未就业,0,未就业,,未就业,0
2145,待就业,未就业,0,未就业,,未就业,0
2146,待就业,未就业,0,未就业,,未就业,0
2147,待就业,未就业,0,未就业,,未就业,0
2148,待就业,未就业,0,未就业,,未就业,0
2149,待就业,未就业,0,未就业,,未就业,0
2150,待就业,未就业,0,未就业,,未就业,0
2151,待就业,未就业,0,未就业,,未就业,0
2152,待就业,未就业,0,未就业,,未就业,0
2153,待就业,未就业,0,未就业,,未就业,0
2154,待就业,未就业,0,未就业,,未就业,0
2155,待就业,未就业,0,未就业,,未就业,0
2156,待就业,未就业,0,未就业,,未就业,0
2157,待就业,未就业,0,未就业,,未就业,0
2158,待就业,未就业,0,未就业,,未就业,0
2159,待就业,未就业,0,未就业,,未就业,0
2160,待就业,未就业,0,未就业,,未就业,0
2161,待就业,未就业,0,未就业,,未就业,0
2162,待就业,未就业,0,未就业,,未就业,0
2163,应征义务兵,应征入伍,1,应征入伍,,未就业,0
2164,应征义务兵,应征入伍,1,应征入伍,,未就业,0
2165,待就业,正在求职,0,未就业,,未就业,0
2166,待就业,正在求职,0,未就业,,未就业,0
2167,待就业,正在求职,0,未就业,,未就业,0
2168,待就业,正在求职,0,未就业,,未就业,0
2169,待就业,正在求职,0,未就业,,未就业,0
2170,待就业,正在求职,0,未就业,,未就业,0
2171,待就业,正在求职,0,未就业,,未就业,0
2172,待就业,正在求职,0,未就业,,未就业,0
2173,待就业,正在求职,0,未就业,,未就业,0
2174,待就业,正在求职,0,未就业,,未就业,0
2175,待就业,正在求职,0,未就业,,未就业,0
2176,待就业,正在求职,0,未就业,,未就业,0
2177,待就业,正在求职,0,未就业,,未就业,0
2178,待就业,正在求职,0,未就业,,未就业,0
2179,待就业,正在求职,0,未就业,,未就业,0
2180,待就业,正在求职,0,未就业,,未就业,0
2181,待就业,正在求职,0,未就业,,未就业,0
2182,待就业,正在求职,0,未就业,,未就业,0
2183,待就业,正在求职,0,未就业,,未就业,0
2184,待就业,正在求职,0,未就业,,未就业,0
2185,待就业,正在求职,0,未就业,,未就业,0
2186,待就业,正在求职,0,未就业,,未就业,0
2187,待就业,正在求职,0,未就业,,未就业,0
2188,待就业,正在求职,0,未就业,,未就业,0
2189,待就业,正在求职,0,未就业,,未就业,0
2190,待就业,正在求职,0,未就业,,未就业,0
2191,待就业,正在求职,0,未就业,,未就业,0
2192,待就业,正在求职,0,未就业,,未就业,0
2193,待就业,正在求职,0,未就业,,未就业,0
2194,待就业,正在求职,0,未就业,,未就业,0
2195,待就业,正在求职,0,未就业,,未就业,0
2196,待就业,正在求职,0,未就业,,未就业,0
2197,待就业,正在求职,0,未就业,,未就业,0
2198,待就业,正在求职,0,未就业,,未就业,0
2199,待就业,正在求职,0,未就业,,未就业,0
2200,待就业,正在求职,0,未就业,,未就业,0
2201,待就业,正在求职,0,未就业,,未就业,0
2202,待就业,正在求职,0,未就业,,未就业,0
2203,待就业,正在求职,0,未就业,,未就业,0
2204,待就业,正在求职,0,未就业,,未就业,0
2205,待就业,正在求职,0,未就业,,未就业,0
2206,待就业,正在求职,0,未就业,,未就业,0
2207,待就业,正在求职,0,未就业,,未就业,0
2208,待就业,正在求职,0,未就业,,未就业,0
2209,待就业,正在求职,0,未就业,,未就业,0
2210,待就业,正在求职,0,未就业,,未就业,0
2211,待就业,正在求职,0,未就业,,未就业,0
2212,待就业,正在求职,0,未就业,,未就业,0
2213,待就业,正在求职,0,未就业,,未就业,0
2214,待就业,正在求职,0,未就业,,未就业,0
2215,待就业,正在求职,0,未就业,,未就业,0
2216,待就业,正在求职,0,未就业,,未就业,0
2217,待就业,正在求职,0,未就业,,未就业,0
2218,待就业,正在求职,0,未就业,,未就业,0
2219,待就业,正在求职,0,未就业,,未就业,0
2220,待就业,正在求职,0,未就业,,未就业,0
2221,待就业,正在求职,0,未就业,,未就业,0
2222,待就业,正在求职,0,未就业,,未就业,0
2223,待就业,正在求职,0,未就业,,未就业,0
2224,待就业,正在求职,0,未就业,,未就业,0
2225,待就业,正在求职,0,未就业,,未就业,0
2226,待就业,正在求职,0,未就业,,未就业,0
2227,待就业,正在求职,0,未就业,,未就业,0
2228,待就业,正在求职,0,未就业,,未就业,0
2229,待就业,正在求职,0,未就业,,未就业,0
2230,待就业,正在求职,0,未就业,,未就业,0
2231,待就业,正在求职,0,未就业,,未就业,0
2232,待就业,正在求职,0,未就业,,未就业,0
2233,待就业,正在求职,0,未就业,,未就业,0
2234,待就业,正在求职,0,未就业,,未就业,0
2235,待就业,正在求职,0,未就业,,未就业,0
2236,待就业,正在求职,0,未就业,,未就业,0
2237,待就业,正在求职,0,未就业,,未就业,0
2238,待就业,正在求职,0,未就业,,未就业,0
2239,待就业,正在求职,0,未就业,,未就业,0
2240,待就业,正在求职,0,未就业,,未就业,0
2241,待就业,正在求职,0,未就业,,未就业,0
2242,待就业,正在求职,0,未就业,,未就业,0
2243,待就业,正在求职,0,未就业,,未就业,0
2244,待就业,正在求职,0,未就业,,未就业,0
2245,待就业,正在求职,0,未就业,,未就业,0
2246,待就业,正在求职,0,未就业,,未就业,0
2247,待就业,正在求职,0,未就业,,未就业,0
2248,待就业,正在求职,0,未就业,,未就业,0
2249,待就业,正在求职,0,未就业,,未就业,0
2250,待就业,正在求职,0,未就业,,未就业,0
2251,待就业,正在求职,0,未就业,,未就业,0
2252,待就业,正在求职,0,未就业,,未就业,0
2253,待就业,正在求职,0,未就业,,未就业,0
2254,待就业,正在求职,0,未就业,,未就业,0
2255,待就业,正在求职,0,未就业,,未就业,0
2256,待就业,正在求职,0,未就业,,未就业,0
2257,待就业,正在求职,0,未就业,,未就业,0
2258,待就业,正在求职,0,未就业,,未就业,0
2259,待就业,正在求职,0,未就业,,未就业,0
2260,待就业,正在求职,0,未就业,,未就业,0
2261,待就业,正在求职,0,未就业,,未就业,0
2262,待就业,正在求职,0,未就业,,未就业,0
2263,待就业,正在求职,0,未就业,,未就业,0
2264,待就业,正在求职,0,未就业,,未就业,0
2265,待就业,正在求职,0,未就业,,未就业,0
2266,待就业,正在求职,0,未就业,,未就业,0
2267,待就业,正在求职,0,未就业,,未就业,0
2268,待就业,正在求职,0,未就业,,未就业,0
2269,待就业,正在求职,0,未就业,,未就业,0
2270,待就业,正在求职,0,未就业,,未就业,0
2271,待就业,正在求职,0,未就业,,未就业,0
2272,待就业,正在求职,0,未就业,,未就业,0
2273,待就业,正在求职,0,未就业,,未就业,0
2274,待就业,正在求职,0,未就业,,未就业,0
2275,待就业,正在求职,0,未就业,,未就业,0
2276,待就业,正在求职,0,未就业,,未就业,0
2277,待就业,正在求职,0,未就业,,未就业,0
2278,待就业,正在求职,0,未就业,,未就业,0
2279,待就业,正在求职,0,未就业,,未就业,0
2280,待就业,正在求职,0,未就业,,未就业,0
2281,待就业,正在求职,0,未就业,,未就业,0
2282,待就业,正在求职,0,未就业,,未就业,0
2283,待就业,正在求职,0,未就业,,未就业,0
2284,待就业,正在求职,0,未就业,,未就业,0
2285,待就业,正在求职,0,未就业,,未就业,0
2286,待就业,正在求职,0,未就业,,未就业,0
2287,待就业,正在求职,0,未就业,,未就业,0
2288,待就业,正在求职,0,未就业,,未就业,0
2289,待就业,正在求职,0,未就业,,未就业,0
2290,待就业,正在求职,0,未就业,,未就业,0
2291,待就业,正在求职,0,未就业,,未就业,0
2292,待就业,正在求职,0,未就业,,未就业,0
2293,待就业,正在求职,0,未就业,,未就业,0
2294,待就业,正在求职,0,未就业,,未就业,0
2295,待就业,正在求职,0,未就业,,未就业,0
2296,待就业,正在求职,0,未就业,,未就业,0
2297,待就业,正在求职,0,未就业,,未就业,0
2298,待就业,正在求职,0,未就业,,未就业,0
2299,待就业,正在求职,0,未就业,,未就业,0
2300,待就业,正在求职,0,未就业,,未就业,0
2301,待就业,正在求职,0,未就业,,未就业,0
2302,待就业,正在求职,0,未就业,,未就业,0
2303,待就业,正在求职,0,未就业,,未就业,0
2304,待就业,正在求职,0,未就业,,未就业,0
2305,待就业,正在求职,0,未就业,,未就业,0
2306,待就业,正在求职,0,未就业,,未就业,0
2307,待就业,正在求职,0,未就业,,未就业,0
2308,待就业,正在求职,0,未就业,,未就业,0
2309,待就业,正在求职,0,未就业,,未就业,0
2310,待就业,正在求职,0,未就业,,未就业,0
2311,待就业,正在求职,0,未就业,,未就业,0
2312,待就业,正在求职,0,未就业,,未就业,0
2313,待就业,正在求职,0,未就业,,未就业,0
2314,待就业,正在求职,0,未就业,,未就业,0
2315,待就业,正在求职,0,未就业,,未就业,0
2316,待就业,正在求职,0,未就业,,未就业,0
2317,待就业,正在求职,0,未就业,,未就业,0
2318,待就业,正在求职,0,未就业,,未就业,0
2319,待就业,正在求职,0,未就业,,未就业,0
2320,待就业,正在求职,0,未就业,,未就业,0
2321,待就业,正在求职,0,未就业,,未就业,0
2322,待就业,正在求职,0,未就业,,未就业,0
2323,待就业,正在求职,0,未就业,,未就业,0
2324,待就业,正在求职,0,未就业,,未就业,0
2325,待就业,正在求职,0,未就业,,未就业,0
2326,待就业,正在求职,0,未就业,,未就业,0
2327,待就业,正在求职,0,未就业,,未就业,0
2328,待就业,正在求职,0,未就业,,未就业,0
2329,待就业,正在求职,0,未就业,,未就业,0
2330,待就业,正在求职,0,未就业,,未就业,0
2331,待就业,正在求职,0,未就业,,未就业,0
2332,待就业,正在求职,0,未就业,,未就业,0
2333,待就业,正在求职,0,未就业,,未就业,0
2334,待就业,正在求职,0,未就业,,未就业,0
2335,待就业,正在求职,0,未就业,,未就业,0
2336,待就业,正在求职,0,未就业,,未就业,0
2337,待就业,正在求职,0,未就业,,未就业,0
2338,待就业,正在求职,0,未就业,,未就业,0
2339,待就业,正在求职,0,未就业,,未就业,0
2340,待就业,正在求职,0,未就业,,未就业,0
2341,待就业,正在求职,0,未就业,,未就业,0
2342,待就业,正在求职,0,未就业,,未就业,0
2343,待就业,正在求职,0,未就业,,未就业,0
2344,待就业,正在求职,0,未就业,,未就业,0
2345,待就业,正在求职,0,未就业,,未就业,0
2346,待就业,正在求职,0,未就业,,未就业,0
2347,待就业,正在求职,0,未就业,,未就业,0
2348,待就业,正在求职,0,未就业,,未就业,0
2349,待就业,正在求职,0,未就业,,未就业,0
2350,待就业,正在求职,0,未就业,,未就业,0
2351,待就业,正在求职,0,未就业,,未就业,0
2352,待就业,正在求职,0,未就业,,未就业,0
2353,待就业,正在求职,0,未就业,,未就业,0
2354,待就业,正在求职,0,未就业,,未就业,0
2355,待就业,正在求职,0,未就业,,未就业,0
2356,待就业,正在求职,0,未就业,,未就业,0
2357,待就业,正在求职,0,未就业,,未就业,0
2358,待就业,正在求职,0,未就业,,未就业,0
2359,待就业,正在求职,0,未就业,,未就业,0
2360,待就业,正在求职,0,未就业,,未就业,0
2361,待就业,正在求职,0,未就业,,未就业,0
2362,待就业,正在求职,0,未就业,,未就业,0
2363,待就业,正在求职,0,未就业,,未就业,0
2364,待就业,正在求职,0,未就业,,未就业,0
2365,待就业,正在求职,0,未就业,,未就业,0
2366,待就业,正在求职,0,未就业,,未就业,0
2367,待就业,正在求职,0,未就业,,未就业,0
2368,待就业,正在求职,0,未就业,,未就业,0
2369,待就业,正在求职,0,未就业,,未就业,0
2370,待就业,正在求职,0,未就业,,未就业,0
2371,待就业,正在求职,0,未就业,,未就业,0
2372,待就业,正在求职,0,未就业,,未就业,0
2373,待就业,正在求职,0,未就业,,未就业,0
2374,待就业,正在求职,0,未就业,,未就业,0
2375,待就业,正在求职,0,未就业,,未就业,0
2376,待就业,正在求职,0,未就业,,未就业,0
2377,待就业,正在求职,0,未就业,,未就业,0
2378,待就业,正在求职,0,未就业,,未就业,0
2379,待就业,正在求职,0,未就业,,未就业,0
2380,待就业,正在求职,0,未就业,,未就业,0
2381,待就业,正在求职,0,未就业,,未就业,0
2382,待就业,正在求职,0,未就业,,未就业,0
2383,待就业,正在求职,0,未就业,,未就业,0
2384,待就业,正在求职,0,未就业,,未就业,0
2385,待就业,正在求职,0,未就业,,未就业,0
2386,待就业,正在求职,0,未就业,,未就业,0
2387,待就业,正在求职,0,未就业,,未就业,0
2388,待就业,正在求职,0,未就业,,未就业,0
2389,待就业,正在求职,0,未就业,,未就业,0
2390,待就业,正在求职,0,未就业,,未就业,0
2391,待就业,正在求职,0,未就业,,未就业,0
2392,待就业,正在求职,0,未就业,,未就业,0
2393,待就业,正在求职,0,未就业,,未就业,0
2394,待就业,正在求职,0,未就业,,未就业,0
2395,待就业,正在求职,0,未就业,,未就业,0
2396,待就业,正在求职,0,未就业,,未就业,0
2397,待就业,正在求职,0,未就业,,未就业,0
2398,待就业,正在求职,0,未就业,,未就业,0
2399,待就业,正在求职,0,未就业,,未就业,0
2400,待就业,正在求职,0,未就业,,未就业,0
2401,待就业,正在求职,0,未就业,,未就业,0
2402,待就业,正在求职,0,未就业,,未就业,0
2403,待就业,正在求职,0,未就业,,未就业,0
2404,待就业,正在求职,0,未就业,,未就业,0
2405,待就业,正在求职,0,未就业,,未就业,0
2406,待就业,正在求职,0,未就业,,未就业,0
2407,待就业,正在求职,0,未就业,,未就业,0
2408,待就业,正在求职,0,未就业,,未就业,0
2409,待就业,正在求职,0,未就业,,未就业,0
2410,待就业,正在求职,0,未就业,,未就业,0
2411,待就业,正在求职,0,未就业,,未就业,0
2412,待就业,正在求职,0,未就业,,未就业,0
2413,待就业,正在求职,0,未就业,,未就业,0
2414,待就业,正在求职,0,未就业,,未就业,0
2415,待就业,正在求职,0,未就业,,未就业,0
2416,待就业,正在求职,0,未就业,,未就业,0
2417,待就业,正在求职,0,未就业,,未就业,0
2418,待就业,正在求职,0,未就业,,未就业,0
2419,待就业,正在求职,0,未就业,,未就业,0
2420,待就业,正在求职,0,未就业,,未就业,0
2421,待就业,正在求职,0,未就业,,未就业,0
2422,待就业,正在求职,0,未就业,,未就业,0
2423,待就业,正在求职,0,未就业,,未就业,0
2424,待就业,正在求职,0,未就业,,未就业,0
2425,待就业,正在求职,0,未就业,,未就业,0
2426,待就业,正在求职,0,未就业,,未就业,0
2427,待就业,正在求职,0,未就业,,未就业,0
2428,待就业,正在求职,0,未就业,,未就业,0
2429,待就业,正在求职,0,未就业,,未就业,0
2430,待就业,正在求职,0,未就业,,未就业,0
2431,待就业,正在求职,0,未就业,,未就业,0
2432,待就业,正在求职,0,未就业,,未就业,0
2433,待就业,正在求职,0,未就业,,未就业,0
2434,待就业,正在求职,0,未就业,,未就业,0
2435,待就业,正在求职,0,未就业,,未就业,0
2436,待就业,正在求职,0,未就业,,未就业,0
2437,待就业,正在求职,0,未就业,,未就业,0
2438,待就业,正在求职,0,未就业,,未就业,0
2439,待就业,正在求职,0,未就业,,未就业,0
2440,待就业,正在求职,0,未就业,,未就业,0
2441,待就业,正在求职,0,未就业,,未就业,0
2442,待就业,正在求职,0,未就业,,未就业,0
2443,待就业,正在求职,0,未就业,,未就业,0
2444,待就业,正在求职,0,未就业,,未就业,0
2445,待就业,正在求职,0,未就业,,未就业,0
2446,待就业,正在求职,0,未就业,,未就业,0
2447,待就业,正在求职,0,未就业,,未就业,0
2448,待就业,正在求职,0,未就业,,未就业,0
2449,待就业,正在求职,0,未就业,,未就业,0
2450,待就业,正在求职,0,未就业,,未就业,0
2451,待就业,正在求职,0,未就业,,未就业,0
2452,待就业,正在求职,0,未就业,,未就业,0
2453,待就业,正在求职,0,未就业,,未就业,0
2454,待就业,正在求职,0,未就业,,未就业,0
2455,待就业,正在求职,0,未就业,,未就业,0
2456,待就业,正在求职,0,未就业,,未就业,0
2457,待就业,正在求职,0,未就业,,未就业,0
2458,待就业,正在求职,0,未就业,,未就业,0
2459,待就业,正在求职,0,未就业,,未就业,0
2460,待就业,正在求职,0,未就业,,未就业,0
2461,待就业,正在求职,0,未就业,,未就业,0
2462,待就业,正在求职,0,未就业,,未就业,0
2463,待就业,正在求职,0,未就业,,未就业,0
2464,待就业,正在求职,0,未就业,,未就业,0
2465,待就业,正在求职,0,未就业,,未就业,0
2466,待就业,正在求职,0,未就业,,未就业,0
2467,待就业,正在求职,0,未就业,,未就业,0
2468,待就业,正在求职,0,未就业,,未就业,0
2469,待就业,正在求职,0,未就业,,未就业,0
2470,待就业,正在求职,0,未就业,,未就业,0
2471,待就业,正在求职,0,未就业,,未就业,0
2472,待就业,正在求职,0,未就业,,未就业,0
2473,待就业,正在求职,0,未就业,,未就业,0
2474,待就业,正在求职,0,未就业,,未就业,0
2475,待就业,正在求职,0,未就业,,未就业,0
2476,待就业,正在求职,0,未就业,,未就业,0
2477,待就业,正在求职,0,未就业,,未就业,0
2478,待就业,正在求职,0,未就业,,未就业,0
2479,待就业,正在求职,0,未就业,,未就业,0
2480,待就业,正在求职,0,未就业,,未就业,0
2481,待就业,正在求职,0,未就业,,未就业,0
2482,待就业,正在求职,0,未就业,,未就业,0
2483,待就业,正在求职,0,未就业,,未就业,0
2484,待就业,正在求职,0,未就业,,未就业,0
2485,待就业,正在求职,0,未就业,,未就业,0
2486,待就业,正在求职,0,未就业,,未就业,0
2487,待就业,正在求职,0,未就业,,未就业,0
2488,待就业,正在求职,0,未就业,,未就业,0
2489,待就业,正在求职,0,未就业,,未就业,0
2490,待就业,正在求职,0,未就业,,未就业,0
2491,待就业,正在求职,0,未就业,,未就业,0
2492,待就业,正在求职,0,未就业,,未就业,0
2493,待就业,正在求职,0,未就业,,未就业,0
2494,待就业,正在求职,0,未就业,,未就业,0
2495,待就业,正在求职,0,未就业,,未就业,0
2496,待就业,正在求职,0,未就业,,未就业,0
2497,待就业,正在求职,0,未就业,,未就业,0
2498,待就业,正在求职,0,未就业,,未就业,0
2499,待就业,正在求职,0,未就业,,未就业,0
2500,待就业,正在求职,0,未就业,,未就业,0
2501,待就业,正在求职,0,未就业,,未就业,0
2502,待就业,正在求职,0,未就业,,未就业,0
2503,待就业,正在求职,0,未就业,,未就业,0
2504,待就业,正在求职,0,未就业,,未就业,0
2505,待就业,正在求职,0,未就业,,未就业,0
2506,待就业,正在求职,0,未就业,,未就业,0
2507,待就业,正在求职,0,未就业,,未就业,0
2508,待就业,正在求职,0,未就业,,未就业,0
2509,待就业,正在求职,0,未就业,,未就业,0
2510,待就业,正在求职,0,未就业,,未就业,0
2511,待就业,正在求职,0,未就业,,未就业,0
2512,待就业,正在求职,0,未就业,,未就业,0
2513,待就业,正在求职,0,未就业,,未就业,0
2514,待就业,正在求职,0,未就业,,未就业,0
2515,待就业,正在求职,0,未就业,,未就业,0
2516,待就业,正在求职,0,未就业,,未就业,0
2517,待就业,正在求职,0,未就业,,未就业,0
2518,待就业,正在求职,0,未就业,,未就业,0
2519,待就业,正在求职,0,未就业,,未就业,0
2520,待就业,正在求职,0,未就业,,未就业,0
2521,待就业,正在求职,0,未就业,,未就业,0
2522,待就业,正在求职,0,未就业,,未就业,0
2523,待就业,正在求职,0,未就业,,未就业,0
2524,待就业,正在求职,0,未就业,,未就业,0
2525,待就业,正在求职,0,未就业,,未就业,0
2526,待就业,正在求职,0,未就业,,未就业,0
2527,待就业,正在求职,0,未就业,,未就业,0
2528,待就业,正在求职,0,未就业,,未就业,0
2529,待就业,正在求职,0,未就业,,未就业,0
2530,待就业,正在求职,0,未就业,,未就业,0
2531,待就业,正在求职,0,未就业,,未就业,0
2532,待就业,正在求职,0,未就业,,未就业,0
2533,待就业,正在求职,0,未就业,,未就业,0
2534,待就业,正在求职,0,未就业,,未就业,0
2535,待就业,正在求职,0,未就业,,未就业,0
2536,待就业,正在求职,0,未就业,,未就业,0
2537,待就业,正在求职,0,未就业,,未就业,0
2538,待就业,正在求职,0,未就业,,未就业,0
2539,待就业,正在求职,0,未就业,,未就业,0
2540,待就业,正在求职,0,未就业,,未就业,0
2541,待就业,正在求职,0,未就业,,未就业,0
2542,待就业,正在求职,0,未就业,,未就业,0
2543,待就业,正在求职,0,未就业,,未就业,0
2544,待就业,正在求职,0,未就业,,未就业,0
2545,待就业,正在求职,0,未就业,,未就业,0
2546,待就业,正在求职,0,未就业,,未就业,0
2547,待就业,正在求职,0,未就业,,未就业,0
2548,待就业,正在求职,0,未就业,,未就业,0
2549,待就业,正在求职,0,未就业,,未就业,0
2550,待就业,正在求职,0,未就业,,未就业,0
2551,待就业,正在求职,0,未就业,,未就业,0
2552,待就业,正在求职,0,未就业,,未就业,0
2553,待就业,正在求职,0,未就业,,未就业,0
2554,待就业,正在求职,0,未就业,,未就业,0
2555,待就业,正在求职,0,未就业,,未就业,0
2556,待就业,正在求职,0,未就业,,未就业,0
2557,待就业,正在求职,0,未就业,,未就业,0
2558,待就业,正在求职,0,未就业,,未就业,0
2559,待就业,正在求职,0,未就业,,未就业,0
2560,待就业,正在求职,0,未就业,,未就业,0
2561,待就业,正在求职,0,未就业,,未就业,0
2562,待就业,正在求职,0,未就业,,未就业,0
2563,待就业,正在求职,0,未就业,,未就业,0
2564,待就业,正在求职,0,未就业,,未就业,0
2565,待就业,正在求职,0,未就业,,未就业,0
2566,待就业,正在求职,0,未就业,,未就业,0
2567,待就业,正在求职,0,未就业,,未就业,0
2568,待就业,正在求职,0,未就业,,未就业,0
2569,待就业,正在求职,0,未就业,,未就业,0
2570,待就业,正在求职,0,未就业,,未就业,0
2571,待就业,正在求职,0,未就业,,未就业,0
2572,待就业,正在求职,0,未就业,,未就业,0
2573,待就业,正在求职,0,未就业,,未就业,0
2574,待就业,正在求职,0,未就业,,未就业,0
2575,待就业,正在求职,0,未就业,,未就业,0
2576,待就业,正在求职,0,未就业,,未就业,0
2577,待就业,正在求职,0,未就业,,未就业,0
2578,待就业,正在求职,0,未就业,,未就业,0
2579,待就业,正在求职,0,未就业,,未就业,0
2580,待就业,正在求职,0,未就业,,未就业,0
2581,待就业,正在求职,0,未就业,,未就业,0
2582,待就业,正在求职,0,未就业,,未就业,0
2583,待就业,正在求职,0,未就业,,未就业,0
2584,待就业,正在求职,0,未就业,,未就业,0
2585,待就业,正在求职,0,未就业,,未就业,0
2586,待就业,正在求职,0,未就业,,未就业,0
2587,待就业,正在求职,0,未就业,,未就业,0
2588,待就业,正在求职,0,未就业,,未就业,0
2589,待就业,正在求职,0,未就业,,未就业,0
2590,待就业,正在求职,0,未就业,,未就业,0
2591,待就业,正在求职,0,未就业,,未就业,0
2592,待就业,正在求职,0,未就业,,未就业,0
2593,待就业,正在求职,0,未就业,,未就业,0
2594,待就业,正在求职,0,未就业,,未就业,0
2595,待就业,正在求职,0,未就业,,未就业,0
2596,待就业,正在求职,0,未就业,,未就业,0
2597,待就业,正在求职,0,未就业,,未就业,0
2598,待就业,正在求职,0,未就业,,未就业,0
2599,待就业,正在求职,0,未就业,,未就业,0
2600,待就业,正在求职,0,未就业,,未就业,0
2601,待就业,正在求职,0,未就业,,未就业,0
2602,待就业,正在求职,0,未就业,,未就业,0
2603,待就业,正在求职,0,未就业,,未就业,0
2604,待就业,正在求职,0,未就业,,未就业,0
2605,待就业,正在求职,0,未就业,,未就业,0
2606,待就业,正在求职,0,未就业,,未就业,0
2607,待就业,正在求职,0,未就业,,未就业,0
2608,待就业,正在求职,0,未就业,,未就业,0
2609,待就业,正在求职,0,未就业,,未就业,0
2610,待就业,正在求职,0,未就业,,未就业,0
2611,待就业,正在求职,0,未就业,,未就业,0
2612,待就业,正在求职,0,未就业,,未就业,0
2613,待就业,正在求职,0,未就业,,未就业,0
2614,待就业,正在求职,0,未就业,,未就业,0
2615,待就业,正在求职,0,未就业,,未就业,0
2616,待就业,正在求职,0,未就业,,未就业,0
2617,待就业,正在求职,0,未就业,,未就业,0
2618,待就业,正在求职,0,未就业,,未就业,0
2619,待就业,正在求职,0,未就业,,未就业,0
2620,待就业,正在求职,0,未就业,,未就业,0
2621,待就业,正在求职,0,未就业,,未就业,0
2622,待就业,正在求职,0,未就业,,未就业,0
2623,待就业,正在求职,0,未就业,,未就业,0
2624,待就业,正在求职,0,未就业,,未就业,0
2625,待就业,正在求职,0,未就业,,未就业,0
2626,待就业,正在求职,0,未就业,,未就业,0
2627,待就业,正在求职,0,未就业,,未就业,0
2628,待就业,正在求职,0,未就业,,未就业,0
2629,待就业,正在求职,0,未就业,,未就业,0
2630,待就业,正在求职,0,未就业,,未就业,0
2631,待就业,正在求职,0,未就业,,未就业,0
2632,待就业,正在求职,0,未就业,,未就业,0
2633,待就业,正在求职,0,未就业,,未就业,0
2634,待就业,正在求职,0,未就业,,未就业,0
2635,待就业,正在求职,0,未就业,,未就业,0
2636,待就业,正在求职,0,未就业,,未就业,0
2637,待就业,正在求职,0,未就业,,未就业,0
2638,待就业,正在求职,0,未就业,,未就业,0
2639,待就业,正在求职,0,未就业,,未就业,0
2640,待就业,正在求职,0,未就业,,未就业,0
2641,待就业,正在求职,0,未就业,,未就业,0
2642,待就业,正在求职,0,未就业,,未就业,0
2643,待就业,正在求职,0,未就业,,未就业,0
2644,待就业,正在求职,0,未就业,,未就业,0
2645,待就业,正在求职,0,未就业,,未就业,0
2646,待就业,正在求职,0,未就业,,未就业,0
2647,待就业,正在求职,0,未就业,,未就业,0
2648,待就业,正在求职,0,未就业,,未就业,0
2649,待就业,正在求职,0,未就业,,未就业,0
2650,待就业,正在求职,0,未就业,,未就业,0
2651,待就业,正在求职,0,未就业,,未就业,0
2652,待就业,正在求职,0,未就业,,未就业,0
2653,待就业,正在求职,0,未就业,,未就业,0
2654,待就业,正在求职,0,未就业,,未就业,0
2655,待就业,正在求职,0,未就业,,未就业,0
2656,待就业,正在求职,0,未就业,,未就业,0
2657,待就业,正在求职,0,未就业,,未就业,0
2658,待就业,正在求职,0,未就业,,未就业,0
2659,待就业,正在求职,0,未就业,,未就业,0
2660,待就业,正在求职,0,未就业,,未就业,0
2661,待就业,正在求职,0,未就业,,未就业,0
2662,待就业,正在求职,0,未就业,,未就业,0
2663,待就业,正在求职,0,未就业,,未就业,0
2664,待就业,正在求职,0,未就业,,未就业,0
2665,待就业,正在求职,0,未就业,,未就业,0
2666,待就业,正在求职,0,未就业,,未就业,0
2667,待就业,正在求职,0,未就业,,未就业,0
2668,待就业,正在求职,0,未就业,,未就业,0
2669,待就业,正在求职,0,未就业,,未就业,0
2670,待就业,正在求职,0,未就业,,未就业,0
2671,待就业,正在求职,0,未就业,,未就业,0
2672,待就业,正在求职,0,未就业,,未就业,0
2673,待就业,正在求职,0,未就业,,未就业,0
2674,待就业,正在求职,0,未就业,,未就业,0
2675,待就业,正在求职,0,未就业,,未就业,0
2676,待就业,正在求职,0,未就业,,未就业,0
2677,待就业,正在求职,0,未就业,,未就业,0
2678,待就业,正在求职,0,未就业,,未就业,0
2679,待就业,正在求职,0,未就业,,未就业,0
2680,待就业,正在求职,0,未就业,,未就业,0
2681,待就业,正在求职,0,未就业,,未就业,0
2682,待就业,正在求职,0,未就业,,未就业,0
2683,待就业,正在求职,0,未就业,,未就业,0
2684,待就业,正在求职,0,未就业,,未就业,0
2685,待就业,正在求职,0,未就业,,未就业,0
2686,待就业,正在求职,0,未就业,,未就业,0
2687,待就业,正在求职,0,未就业,,未就业,0
2688,待就业,正在求职,0,未就业,,未就业,0
2689,待就业,正在求职,0,未就业,,未就业,0
2690,待就业,正在求职,0,未就业,,未就业,0
2691,待就业,正在求职,0,未就业,,未就业,0
2692,待就业,正在求职,0,未就业,,未就业,0
2693,待就业,正在求职,0,未就业,,未就业,0
2694,待就业,正在求职,0,未就业,,未就业,0
2695,待就业,正在求职,0,未就业,,未就业,0
2696,待就业,正在求职,0,未就业,,未就业,0
2697,待就业,正在求职,0,未就业,,未就业,0
2698,待就业,正在求职,0,未就业,,未就业,0
2699,待就业,正在求职,0,未就业,,未就业,0
2700,待就业,正在求职,0,未就业,,未就业,0
2701,待就业,正在求职,0,未就业,,未就业,0
2702,待就业,正在求职,0,未就业,,未就业,0
2703,待就业,正在求职,0,未就业,,未就业,0
2704,待就业,正在求职,0,未就业,,未就业,0
2705,待就业,正在求职,0,未就业,,未就业,0
2706,待就业,正在求职,0,未就业,,未就业,0
2707,待就业,正在求职,0,未就业,,未就业,0
2708,待就业,正在求职,0,未就业,,未就业,0
2709,待就业,正在求职,0,未就业,,未就业,0
2710,待就业,正在求职,0,未就业,,未就业,0
2711,待就业,正在求职,0,未就业,,未就业,0
2712,待就业,正在求职,0,未就业,,未就业,0
2713,待就业,正在求职,0,未就业,,未就业,0
2714,待就业,正在求职,0,未就业,,未就业,0
2715,待就业,正在求职,0,未就业,,未就业,0
2716,待就业,正在求职,0,未就业,,未就业,0
2717,待就业,正在求职,0,未就业,,未就业,0
2718,待就业,正在求职,0,未就业,,未就业,0
2719,待就业,正在求职,0,未就业,,未就业,0
2720,待就业,正在求职,0,未就业,,未就业,0
2721,待就业,正在求职,0,未就业,,未就业,0
2722,待就业,正在求职,0,未就业,,未就业,0
2723,待就业,正在求职,0,未就业,,未就业,0
2724,待就业,正在求职,0,未就业,,未就业,0
2725,待就业,正在求职,0,未就业,,未就业,0
2726,待就业,正在求职,0,未就业,,未就业,0
2727,待就业,正在求职,0,未就业,,未就业,0
2728,待就业,正在求职,0,未就业,,未就业,0
2729,待就业,正在求职,0,未就业,,未就业,0
2730,待就业,正在求职,0,未就业,,未就业,0
2731,待就业,正在求职,0,未就业,,未就业,0
2732,待就业,正在求职,0,未就业,,未就业,0
2733,待就业,正在求职,0,未就业,,未就业,0
2734,待就业,正在求职,0,未就业,,未就业,0
2735,待就业,正在求职,0,未就业,,未就业,0
2736,待就业,正在求职,0,未就业,,未就业,0
2737,待就业,正在求职,0,未就业,,未就业,0
2738,待就业,正在求职,0,未就业,,未就业,0
2739,待就业,正在求职,0,未就业,,未就业,0
2740,待就业,正在求职,0,未就业,,未就业,0
2741,待就业,正在求职,0,未就业,,未就业,0
2742,待就业,正在求职,0,未就业,,未就业,0
2743,待就业,正在求职,0,未就业,,未就业,0
2744,待就业,正在求职,0,未就业,,未就业,0
2745,待就业,正在求职,0,未就业,,未就业,0
2746,待就业,正在求职,0,未就业,,未就业,0
2747,待就业,正在求职,0,未就业,,未就业,0
2748,待就业,正在求职,0,未就业,,未就业,0
2749,待就业,正在求职,0,未就业,,未就业,0
2750,待就业,正在求职,0,未就业,,未就业,0
2751,待就业,正在求职,0,未就业,,未就业,0
2752,待就业,正在求职,0,未就业,,未就业,0
2753,待就业,正在求职,0,未就业,,未就业,0
2754,待就业,正在求职,0,未就业,,未就业,0
2755,待就业,正在求职,0,未就业,,未就业,0
2756,待就业,正在求职,0,未就业,,未就业,0
2757,待就业,正在求职,0,未就业,,未就业,0
2758,待就业,正在求职,0,未就业,,未就业,0
2759,待就业,正在求职,0,未就业,,未就业,0
2760,待就业,正在求职,0,未就业,,未就业,0
2761,待就业,正在求职,0,未就业,,未就业,0
2762,待就业,正在求职,0,未就业,,未就业,0
2763,待就业,正在求职,0,未就业,,未就业,0
2764,待就业,正在求职,0,未就业,,未就业,0
2765,待就业,正在求职,0,未就业,,未就业,0
2766,待就业,正在求职,0,未就业,,未就业,0
2767,待就业,正在求职,0,未就业,,未就业,0
2768,待就业,正在求职,0,未就业,,未就业,0
2769,待就业,正在求职,0,未就业,,未就业,0
2770,待就业,正在求职,0,未就业,,未就业,0
2771,待就业,正在求职,0,未就业,,未就业,0
2772,待就业,正在求职,0,未就业,,未就业,0
2773,待就业,正在求职,0,未就业,,未就业,0
2774,待就业,正在求职,0,未就业,,未就业,0
2775,待就业,正在求职,0,未就业,,未就业,0
2776,待就业,正在求职,0,未就业,,未就业,0
2777,待就业,正在求职,0,未就业,,未就业,0
2778,待就业,正在求职,0,未就业,,未就业,0
2779,待就业,正在求职,0,未就业,,未就业,0
2780,待就业,正在求职,0,未就业,,未就业,0
2781,待就业,正在求职,0,未就业,,未就业,0
2782,待就业,正在求职,0,未就业,,未就业,0
2783,待就业,正在求职,0,未就业,,未就业,0
2784,待就业,正在求职,0,未就业,,未就业,0
2785,待就业,正在求职,0,未就业,,未就业,0
2786,待就业,正在求职,0,未就业,,未就业,0
2787,待就业,正在求职,0,未就业,,未就业,0
2788,待就业,正在求职,0,未就业,,未就业,0
2789,待就业,正在求职,0,未就业,,未就业,0
2790,待就业,正在求职,0,未就业,,未就业,0
2791,待就业,正在求职,0,未就业,,未就业,0
2792,待就业,正在求职,0,未就业,,未就业,0
2793,待就业,正在求职,0,未就业,,未就业,0
2794,待就业,正在求职,0,未就业,,未就业,0
2795,待就业,正在求职,0,未就业,,未就业,0
2796,待就业,正在求职,0,未就业,,未就业,0
2797,待就业,正在求职,0,未就业,,未就业,0
2798,待就业,正在求职,0,未就业,,未就业,0
2799,待就业,正在求职,0,未就业,,未就业,0
2800,待就业,正在求职,0,未就业,,未就业,0
2801,待就业,正在求职,0,未就业,,未就业,0
2802,待就业,正在求职,0,未就业,,未就业,0
2803,待就业,正在求职,0,未就业,,未就业,0
2804,待就业,正在求职,0,未就业,,未就业,0
2805,待就业,正在求职,0,未就业,,未就业,0
2806,待就业,正在求职,0,未就业,,未就业,0
2807,待就业,正在求职,0,未就业,,未就业,0
2808,待就业,正在求职,0,未就业,,未就业,0
2809,待就业,正在求职,0,未就业,,未就业,0
2810,待就业,正在求职,0,未就业,,未就业,0
2811,待就业,正在求职,0,未就业,,未就业,0
2812,待就业,正在求职,0,未就业,,未就业,0
2813,待就业,正在求职,0,未就业,,未就业,0
2814,待就业,正在求职,0,未就业,,未就业,0
2815,待就业,正在求职,0,未就业,,未就业,0
2816,待就业,正在求职,0,未就业,,未就业,0
2817,待就业,正在求职,0,未就业,,未就业,0
2818,待就业,正在求职,0,未就业,,未就业,0
2819,待就业,正在求职,0,未就业,,未就业,0
2820,待就业,正在求职,0,未就业,,未就业,0
2821,待就业,正在求职,0,未就业,,未就业,0
2822,待就业,正在求职,0,未就业,,未就业,0
2823,待就业,正在求职,0,未就业,,未就业,0
2824,待就业,正在求职,0,未就业,,未就业,0
2825,待就业,正在求职,0,未就业,,未就业,0
2826,待就业,正在求职,0,未就业,,未就业,0
2827,待就业,正在求职,0,未就业,,未就业,0
2828,待就业,正在求职,0,未就业,,未就业,0
2829,待就业,正在求职,0,未就业,,未就业,0
2830,待就业,正在求职,0,未就业,,未就业,0
2831,待就业,正在求职,0,未就业,,未就业,0
2832,待就业,正在求职,0,未就业,,未就业,0
2833,待就业,正在求职,0,未就业,,未就业,0
2834,待就业,正在求职,0,未就业,,未就业,0
2835,待就业,正在求职,0,未就业,,未就业,0
2836,待就业,正在求职,0,未就业,,未就业,0
2837,待就业,正在求职,0,未就业,,未就业,0
2838,待就业,正在求职,0,未就业,,未就业,0
2839,待就业,正在求职,0,未就业,,未就业,0
2840,待就业,正在求职,0,未就业,,未就业,0
2841,待就业,正在求职,0,未就业,,未就业,0
2842,待就业,正在求职,0,未就业,,未就业,0
2843,待就业,正在求职,0,未就业,,未就业,0
2844,待就业,正在求职,0,未就业,,未就业,0
2845,待就业,正在求职,0,未就业,,未就业,0
2846,待就业,正在求职,0,未就业,,未就业,0
2847,待就业,正在求职,0,未就业,,未就业,0
2848,待就业,正在求职,0,未就业,,未就业,0
2849,待就业,正在求职,0,未就业,,未就业,0
2850,待就业,正在求职,0,未就业,,未就业,0
2851,待就业,正在求职,0,未就业,,未就业,0
2852,待就业,正在求职,0,未就业,,未就业,0
2853,待就业,正在求职,0,未就业,,未就业,0
2854,待就业,正在求职,0,未就业,,未就业,0
2855,待就业,正在求职,0,未就业,,未就业,0
2856,待就业,正在求职,0,未就业,,未就业,0
2857,待就业,正在求职,0,未就业,,未就业,0
2858,待就业,正在求职,0,未就业,,未就业,0
2859,待就业,正在求职,0,未就业,,未就业,0
2860,待就业,正在求职,0,未就业,,未就业,0
2861,待就业,正在求职,0,未就业,,未就业,0
2862,待就业,正在求职,0,未就业,,未就业,0
2863,待就业,正在求职,0,未就业,,未就业,0
2864,待就业,正在求职,0,未就业,,未就业,0
2865,待就业,正在求职,0,未就业,,未就业,0
2866,待就业,正在求职,0,未就业,,未就业,0
2867,待就业,正在求职,0,未就业,,未就业,0
2868,待就业,正在求职,0,未就业,,未就业,0
2869,待就业,正在求职,0,未就业,,未就业,0
2870,待就业,正在求职,0,未就业,,未就业,0
2871,待就业,正在求职,0,未就业,,未就业,0
2872,待就业,正在求职,0,未就业,,未就业,0
2873,待就业,正在求职,0,未就业,,未就业,0
2874,待就业,正在求职,0,未就业,,未就业,0
2875,待就业,正在求职,0,未就业,,未就业,0
2876,待就业,正在求职,0,未就业,,未就业,0
2877,待就业,正在求职,0,未就业,,未就业,0
2878,待就业,正在求职,0,未就业,,未就业,0
2879,待就业,正在求职,0,未就业,,未就业,0
2880,待就业,正在求职,0,未就业,,未就业,0
2881,待就业,正在求职,0,未就业,,未就业,0
2882,待就业,正在求职,0,未就业,,未就业,0
2883,待就业,正在求职,0,未就业,,未就业,0
2884,待就业,正在求职,0,未就业,,未就业,0
2885,待就业,正在求职,0,未就业,,未就业,0
2886,待就业,正在求职,0,未就业,,未就业,0
2887,待就业,正在求职,0,未就业,,未就业,0
2888,待就业,正在求职,0,未就业,,未就业,0
2889,待就业,正在求职,0,未就业,,未就业,0
2890,待就业,正在求职,0,未就业,,未就业,0
2891,待就业,正在求职,0,未就业,,未就业,0
2892,待就业,正在求职,0,未就业,,未就业,0
2893,待就业,正在求职,0,未就业,,未就业,0
2894,待就业,正在求职,0,未就业,,未就业,0
2895,待就业,正在求职,0,未就业,,未就业,0
2896,待就业,正在求职,0,未就业,,未就业,0
2897,待就业,正在求职,0,未就业,,未就业,0
2898,待就业,正在求职,0,未就业,,未就业,0
2899,待就业,正在求职,0,未就业,,未就业,0
2900,待就业,正在求职,0,未就业,,未就业,0
2901,待就业,正在求职,0,未就业,,未就业,0
2902,待就业,正在求职,0,未就业,,未就业,0
2903,待就业,正在求职,0,未就业,,未就业,0
2904,待就业,正在求职,0,未就业,,未就业,0
2905,待就业,正在求职,0,未就业,,未就业,0
2906,待就业,正在求职,0,未就业,,未就业,0
2907,待就业,正在求职,0,未就业,,未就业,0
2908,待就业,正在求职,0,未就业,,未就业,0
2909,待就业,正在求职,0,未就业,,未就业,0
2910,待就业,正在求职,0,未就业,,未就业,0
2911,待就业,正在求职,0,未就业,,未就业,0
2912,待就业,正在求职,0,未就业,,未就业,0
2913,待就业,正在求职,0,未就业,,未就业,0
2914,待就业,正在求职,0,未就业,,未就业,0
2915,待就业,正在求职,0,未就业,,未就业,0
2916,待就业,正在求职,0,未就业,,未就业,0
2917,待就业,正在求职,0,未就业,,未就业,0
2918,待就业,正在求职,0,未就业,,未就业,0
2919,待就业,正在求职,0,未就业,,未就业,0
2920,待就业,正在求职,0,未就业,,未就业,0
2921,待就业,正在求职,0,未就业,,未就业,0
2922,待就业,正在求职,0,未就业,,未就业,0
2923,待就业,正在求职,0,未就业,,未就业,0
2924,待就业,正在求职,0,未就业,,未就业,0
2925,待就业,正在求职,0,未就业,,未就业,0
2926,待就业,正在求职,0,未就业,,未就业,0
2927,待就业,正在求职,0,未就业,,未就业,0
2928,待就业,正在求职,0,未就业,,未就业,0
2929,待就业,正在求职,0,未就业,,未就业,0
2930,待就业,正在求职,0,未就业,,未就业,0
2931,待就业,正在求职,0,未就业,,未就业,0
2932,待就业,正在求职,0,未就业,,未就业,0
2933,待就业,正在求职,0,未就业,,未就业,0
2934,待就业,正在求职,0,未就业,,未就业,0
2935,待就业,正在求职,0,未就业,,未就业,0
2936,待就业,正在求职,0,未就业,,未就业,0
2937,待就业,正在求职,0,未就业,,未就业,0
2938,待就业,正在求职,0,未就业,,未就业,0
2939,待就业,正在求职,0,未就业,,未就业,0
2940,待就业,正在求职,0,未就业,,未就业,0
2941,待就业,正在求职,0,未就业,,未就业,0
2942,待就业,正在求职,0,未就业,,未就业,0
2943,待就业,正在求职,0,未就业,,未就业,0
2944,待就业,正在求职,0,未就业,,未就业,0
2945,待就业,正在求职,0,未就业,,未就业,0
2946,待就业,正在求职,0,未就业,,未就业,0
2947,待就业,正在求职,0,未就业,,未就业,0
2948,待就业,正在求职,0,未就业,,未就业,0
2949,待就业,正在求职,0,未就业,,未就业,0
2950,待就业,正在求职,0,未就业,,未就业,0
2951,待就业,正在求职,0,未就业,,未就业,0
2952,待就业,正在求职,0,未就业,,未就业,6500-6999
2953,待就业,正在求职,0,未就业,,未就业,0
2954,待就业,正在求职,0,未就业,,未就业,0
2955,待就业,正在求职,0,未就业,,未就业,0
2956,待就业,正在求职,0,未就业,,未就业,0
2957,待就业,正在求职,0,未就业,,未就业,0
2958,待就业,正在求职,0,未就业,,未就业,0
2959,待就业,正在求职,0,未就业,,未就业,0
2960,待就业,正在求职,0,未就业,,未就业,0
2961,待就业,正在求职,0,未就业,,未就业,0
2962,待就业,正在求职,0,未就业,,未就业,0
2963,待就业,正在求职,0,未就业,,未就业,0
2964,待就业,正在求职,0,未就业,,未就业,0
2965,待就业,正在求职,0,未就业,,未就业,0
2966,待就业,正在求职,0,未就业,,未就业,0
2967,待就业,正在求职,0,未就业,,未就业,0
2968,待就业,正在求职,0,未就业,,未就业,0
2969,待就业,正在求职,0,未就业,,未就业,0
2970,待就业,正在求职,0,未就业,,未就业,0
2971,待就业,正在求职,0,未就业,,未就业,0
2972,待就业,正在求职,0,未就业,,未就业,0
2973,待就业,正在求职,0,未就业,,未就业,0
2974,待就业,正在求职,0,未就业,,未就业,0
2975,待就业,正在求职,0,未就业,,未就业,0
2976,待就业,正在求职,0,未就业,,未就业,0
2977,待就业,正在求职,0,未就业,,未就业,0
2978,待就业,正在求职,0,未就业,,未就业,0
2979,待就业,正在求职,0,未就业,,未就业,0
2980,待就业,正在求职,0,未就业,,未就业,0
2981,待就业,正在求职,0,未就业,,未就业,0
2982,待就业,正在求职,0,未就业,,未就业,0
2983,待就业,正在求职,0,未就业,,未就业,0
2984,待就业,正在求职,0,未就业,,未就业,0
2985,待就业,正在求职,0,未就业,,未就业,0
2986,待就业,正在求职,0,未就业,,未就业,0
2987,待就业,正在求职,0,未就业,,未就业,0
2988,待就业,正在求职,0,未就业,,未就业,0
2989,待就业,正在求职,0,未就业,,未就业,0
2990,待就业,正在求职,0,未就业,,未就业,0
2991,待就业,正在求职,0,未就业,,未就业,0
2992,待就业,正在求职,0,未就业,,未就业,0
2993,待就业,正在求职,0,未就业,,未就业,0
2994,待就业,正在求职,0,未就业,,未就业,0
2995,待就业,正在求职,0,未就业,,未就业,0
2996,待就业,正在求职,0,未就业,,未就业,0
2997,待就业,正在求职,0,未就业,,未就业,0
2998,待就业,正在求职,0,未就业,,未就业,0
2999,待就业,正在求职,0,未就业,,未就业,0
3000,待就业,正在求职,0,未就业,,未就业,0
3001,待就业,正在求职,0,未就业,,未就业,0
3002,待就业,正在求职,0,未就业,,未就业,0
3003,待就业,正在求职,0,未就业,,未就业,0
3004,其他暂不就业,自愿暂时不就业,0,未就业,,未就业,0
3005,其他暂不就业,自愿暂时不就业,0,未就业,,未就业,0
3006,其他暂不就业,自愿暂时不就业,0,未就业,,未就业,0
3007,其他暂不就业,自愿暂时不就业,0,未就业,,未就业,0
3008,其他暂不就业,自愿暂时不就业,0,未就业,,未就业,0
3009,其他暂不就业,自愿暂时不就业,0,未就业,,未就业,0
3010,其他暂不就业,自愿暂时不就业,0,未就业,,未就业,0
3011,其他暂不就业,自愿暂时不就业,0,未就业,,未就业,0
3012,其他暂不就业,自愿暂时不就业,0,未就业,,未就业,0
3013,其他暂不就业,自愿暂时不就业,0,未就业,,未就业,0
